﻿<?xml version="1.0" encoding="utf-8"?>
<savedqueries xmlns:xsi="http://www.w3.org/2001/XMLSchema-instance">
  <savedquery>
    <IsCustomizable>1</IsCustomizable>
    <CanBeDeleted>1</CanBeDeleted>
    <isquickfindquery>0</isquickfindquery>
    <isprivate>0</isprivate>
    <isdefault>0</isdefault>
    <savedqueryid>{2898d69c-f9c8-ee11-9079-6045bd127823}</savedqueryid>
    <layoutxml>
      <grid name="resultset" jump="p365i_topic" select="1" icon="1" preview="1">
        <row name="result" id="p365i_opportunityid">
          <cell name="p365i_topic" width="300" />
          <cell name="p365i_budgetamount" width="130" />
          <cell name="p365i_accountplan" width="116" />
          <cell name="p365i_parentcontactid" width="100" />
          <cell name="p365i_estrevenue" width="114" />
          <cell name="p365i_estclosedate" width="127" />
        </row>
      </grid>
    </layoutxml>
    <querytype>0</querytype>
    <fetchxml>
      <fetch version="1.0" output-format="xml-platform" mapping="logical">
        <entity name="p365i_opportunity">
          <attribute name="p365i_topic" />
          <attribute name="p365i_opportunityid" />
          <attribute name="p365i_budgetamount" />
          <attribute name="p365i_accountplan" />
          <attribute name="p365i_parentcontactid" />
          <attribute name="p365i_estrevenue" />
          <attribute name="p365i_estclosedate" />
        </entity>
      </fetch>
    </fetchxml>
    <IntroducedVersion>1.0.0.0</IntroducedVersion>
    <LocalizedNames>
      <LocalizedName description="Account Opportunities" languagecode="1033" />
    </LocalizedNames>
  </savedquery>
</savedqueries>