﻿<?xml version="1.0" encoding="utf-8"?>
<savedqueries xmlns:xsi="http://www.w3.org/2001/XMLSchema-instance">
  <savedquery>
    <IsCustomizable>1</IsCustomizable>
    <CanBeDeleted>0</CanBeDeleted>
    <isquickfindquery>1</isquickfindquery>
    <isprivate>0</isprivate>
    <isdefault>1</isdefault>
    <savedqueryid>{d04c262f-cfd9-4c68-999b-dba89f489bc7}</savedqueryid>
    <layoutxml>
      <grid name="resultset" jump="p365i_topic" select="1" icon="1" preview="1">
        <row name="result" id="p365i_opportunityid">
          <cell name="p365i_topic" width="300" />
          <cell name="createdon" width="125" />
        </row>
      </grid>
    </layoutxml>
    <querytype>4</querytype>
    <fetchxml>
      <fetch version="1.0" mapping="logical">
        <entity name="p365i_opportunity">
          <attribute name="p365i_opportunityid" />
          <attribute name="p365i_topic" />
          <attribute name="createdon" />
          <order attribute="p365i_topic" descending="false" />
          <filter type="and">
            <condition attribute="statecode" operator="eq" value="0" />
          </filter>
          <filter type="or" isquickfindfields="1">
            <condition attribute="p365i_topic" operator="like" value="{0}" />
          </filter>
        </entity>
      </fetch>
    </fetchxml>
    <IntroducedVersion>1.0</IntroducedVersion>
    <LocalizedNames>
      <LocalizedName description="Quick Find Active Opportunities" languagecode="1033" />
    </LocalizedNames>
  </savedquery>
</savedqueries>