﻿<?xml version="1.0" encoding="utf-8"?>
<savedqueries xmlns:xsi="http://www.w3.org/2001/XMLSchema-instance">
  <savedquery>
    <IsCustomizable>1</IsCustomizable>
    <CanBeDeleted>0</CanBeDeleted>
    <isquickfindquery>0</isquickfindquery>
    <isprivate>0</isprivate>
    <isdefault>1</isdefault>
    <savedqueryid>{2fb2500c-c7a1-4bd8-870f-30da8773ba25}</savedqueryid>
    <layoutxml>
      <grid name="resultset" jump="p365i_name" select="1" icon="1" preview="1">
        <row name="result" id="p365i_accountplanid">
          <cell name="p365i_name" width="300" />
          <cell name="createdon" width="125" />
          <cell name="p365i_account" width="100" />
          <cell name="statuscode" width="119" />
        </row>
      </grid>
    </layoutxml>
    <querytype>0</querytype>
    <fetchxml>
      <fetch version="1.0" mapping="logical">
        <entity name="p365i_accountplan">
          <attribute name="p365i_accountplanid" />
          <attribute name="p365i_name" />
          <attribute name="createdon" />
          <order attribute="p365i_name" descending="false" />
          <filter type="and">
            <condition attribute="statecode" operator="eq" value="0" />
          </filter>
          <attribute name="p365i_account" />
          <attribute name="statuscode" />
        </entity>
      </fetch>
    </fetchxml>
    <IntroducedVersion>1.0</IntroducedVersion>
    <LocalizedNames>
      <LocalizedName description="Active Account Plans" languagecode="1033" />
    </LocalizedNames>
  </savedquery>
</savedqueries>