﻿<?xml version="1.0" encoding="utf-8"?>
<savedqueries xmlns:xsi="http://www.w3.org/2001/XMLSchema-instance">
  <savedquery>
    <IsCustomizable>1</IsCustomizable>
    <CanBeDeleted>0</CanBeDeleted>
    <isquickfindquery>0</isquickfindquery>
    <isprivate>0</isprivate>
    <isdefault>1</isdefault>
    <savedqueryid>{e4128163-334b-432f-b634-51aff295d0db}</savedqueryid>
    <layoutxml>
      <grid name="p365i_accountplans" jump="p365i_name" select="1" icon="1" preview="0">
        <row name="p365i_accountplan" id="p365i_accountplanid">
          <cell name="p365i_name" width="300" />
          <cell name="createdon" width="125" />
        </row>
      </grid>
    </layoutxml>
    <querytype>64</querytype>
    <fetchxml>
      <fetch version="1.0" mapping="logical">
        <entity name="p365i_accountplan">
          <attribute name="p365i_accountplanid" />
          <attribute name="p365i_name" />
          <attribute name="createdon" />
          <filter type="and">
            <condition attribute="statecode" operator="eq" value="0" />
          </filter>
        </entity>
      </fetch>
    </fetchxml>
    <IntroducedVersion>1.0</IntroducedVersion>
    <LocalizedNames>
      <LocalizedName description="Account Plan Lookup View" languagecode="1033" />
    </LocalizedNames>
  </savedquery>
</savedqueries>