﻿<?xml version="1.0" encoding="utf-8"?>
<forms xmlns:xsi="http://www.w3.org/2001/XMLSchema-instance">
  <systemform>
    <formid>{d04fcec3-4b2a-4fe3-9e34-6292b893164b}</formid>
    <IntroducedVersion>1.0</IntroducedVersion>
    <FormPresentation>1</FormPresentation>
    <FormActivationState>1</FormActivationState>
    <form>
      <tabs>
        <tab name="general" verticallayout="true" id="{c8f31312-75ee-491c-ba9c-fe9ae99ac88c}" IsUserDefined="0">
          <labels>
            <label description="" languagecode="1033" />
          </labels>
          <columns>
            <column width="25%">
              <sections>
                <section name="ColorStrip" showlabel="false" showbar="false" columns="1" IsUserDefined="0" id="{5416bf44-7570-43d3-9a7c-076d229f3827}">
                  <labels>
                    <label description="ColorStrip" languagecode="1033" />
                  </labels>
                </section>
              </sections>
            </column>
            <column width="75%">
              <sections>
                <section name="CardHeader" showlabel="false" showbar="false" columns="111" id="{ad35d226-9eb8-4017-bd27-6ceabce3f5e4}" IsUserDefined="0">
                  <labels>
                    <label description="Header" languagecode="1033" />
                  </labels>
                  <rows>
                    <row>
                      <cell id="{2b2e6d27-a170-4f22-ae8f-57fe2227e3b9}" showlabel="true" locklevel="0">
                        <labels>
                          <label description="" languagecode="1033" />
                        </labels>
                        <control id="statuscode" classid="{5D68B988-0661-4db2-BC3E-17598AD3BE6C}" datafieldname="statuscode" disabled="false" />
                      </cell>
                      <cell id="{914c80c3-c420-446b-a448-50b0bb3a0730}" showlabel="true" locklevel="0">
                        <labels>
                          <label description="" languagecode="1033" />
                        </labels>
                      </cell>
                      <cell id="{21db222e-42f2-4131-98d3-fd056d58457a}" showlabel="true" locklevel="0">
                        <labels>
                          <label description="" languagecode="1033" />
                        </labels>
                      </cell>
                    </row>
                  </rows>
                </section>
                <section name="CardDetails" showlabel="false" showbar="false" columns="1" id="{03438651-8457-4428-aede-5994aa599bc6}" IsUserDefined="0">
                  <labels>
                    <label description="Details" languagecode="1033" />
                  </labels>
                  <rows>
                    <row>
                      <cell id="{694d05e8-0179-4664-a5f8-80d672538552}" showlabel="true" locklevel="0">
                        <labels>
                          <label description="" languagecode="1033" />
                        </labels>
                        <control id="p365i_name" classid="{4273EDBD-AC1D-40d3-9FB2-095C621B552D}" datafieldname="p365i_name" disabled="false" />
                      </cell>
                    </row>
                  </rows>
                </section>
                <section name="CardFooter" showlabel="false" columns="1111" showbar="false" id="{e3f60ca8-6223-41b9-8abc-c632ae77b531}" IsUserDefined="0">
                  <labels>
                    <label description="Footer" languagecode="1033" />
                  </labels>
                  <rows>
                    <row>
                      <cell id="{4059266b-dd6e-4519-9970-0a8a7af46254}" showlabel="true" locklevel="0">
                        <labels>
                          <label description="" languagecode="1033" />
                        </labels>
                        <control id="ownerid" classid="{270BD3DB-D9AF-4782-9025-509E298DEC0A}" datafieldname="ownerid" disabled="false" />
                      </cell>
                      <cell id="{429a0c19-3c1a-49b6-a69c-b4ad770f0530}" showlabel="true" locklevel="0">
                        <labels>
                          <label description="" languagecode="1033" />
                        </labels>
                        <control id="createdon" classid="{270BD3DB-D9AF-4782-9025-509E298DEC0A}" datafieldname="createdon" disabled="false" />
                      </cell>
                      <cell id="{ed5dc197-907c-44ba-baf9-a1f8fb7ce4ca}" showlabel="true" locklevel="0">
                        <labels>
                          <label description="" languagecode="1033" />
                        </labels>
                      </cell>
                      <cell id="{ce203dac-49bf-4a04-98ef-e309412ae89f}" showlabel="true" locklevel="0">
                        <labels>
                          <label description="" languagecode="1033" />
                        </labels>
                      </cell>
                    </row>
                  </rows>
                </section>
              </sections>
            </column>
          </columns>
        </tab>
      </tabs>
    </form>
    <IsCustomizable>1</IsCustomizable>
    <CanBeDeleted>1</CanBeDeleted>
    <LocalizedNames>
      <LocalizedName description="Information" languagecode="1033" />
    </LocalizedNames>
    <Descriptions>
      <Description description="A card form for this entity." languagecode="1033" />
    </Descriptions>
  </systemform>
</forms>