<customapi uniquename="p365i_CloseOpportunity">
  <allowedcustomprocessingsteptype>0</allowedcustomprocessingsteptype>
  <bindingtype>0</bindingtype>
  <description default="p365i_CloseOpportunity">
    <label description="p365i_CloseOpportunity" languagecode="1033" />
  </description>
  <displayname default="p365i_CloseOpportunity">
    <label description="p365i_CloseOpportunity" languagecode="1033" />
  </displayname>
  <iscustomizable>1</iscustomizable>
  <isfunction>0</isfunction>
  <isprivate>0</isprivate>
  <name>p365i_CloseOpportunity</name>
  <plugintypeid>
    <plugintypeexportkey>86b737dd-a8b2-47d2-bd9f-0c0809b43b23</plugintypeexportkey>
  </plugintypeid>
  <workflowsdkstepenabled>0</workflowsdkstepenabled>
</customapi>