﻿<?xml version="1.0" encoding="utf-8"?>
<forms xmlns:xsi="http://www.w3.org/2001/XMLSchema-instance">
  <systemform>
    <formid>{5075fc1f-0c17-485c-b3f3-859b146d0e7b}</formid>
    <IntroducedVersion>1.0</IntroducedVersion>
    <FormPresentation>1</FormPresentation>
    <FormActivationState>1</FormActivationState>
    <form>
      <tabs>
        <tab verticallayout="true" id="{a325fd5f-fb75-4bc5-8561-a99e048e05f3}" IsUserDefined="1">
          <labels>
            <label description="" languagecode="1033" />
          </labels>
          <columns>
            <column width="100%">
              <sections>
                <section showlabel="false" showbar="false" IsUserDefined="0" id="{3025f8b6-9d07-47b7-b4e6-16a4487b2a12}">
                  <labels>
                    <label description="GENERAL" languagecode="1033" />
                  </labels>
                  <rows>
                    <row>
                      <cell id="{ad251a3b-0f35-46f6-b798-3ec6d54a73c5}">
                        <labels>
                          <label description="" languagecode="1033" />
                        </labels>
                        <control id="p365i_topic" classid="{4273EDBD-AC1D-40d3-9FB2-095C621B552D}" datafieldname="p365i_topic" />
                      </cell>
                    </row>
                    <row>
                      <cell id="{0a9a0b6b-cdb3-491b-8001-5745037b7b6d}">
                        <labels>
                          <label description="" languagecode="1033" />
                        </labels>
                        <control id="ownerid" classid="{270BD3DB-D9AF-4782-9025-509E298DEC0A}" datafieldname="ownerid" />
                      </cell>
                    </row>
                  </rows>
                </section>
              </sections>
            </column>
          </columns>
        </tab>
      </tabs>
    </form>
    <IsCustomizable>1</IsCustomizable>
    <CanBeDeleted>1</CanBeDeleted>
    <LocalizedNames>
      <LocalizedName description="Information" languagecode="1033" />
    </LocalizedNames>
  </systemform>
</forms>