﻿<?xml version="1.0" encoding="utf-8"?>
<WebResource xmlns:xsi="http://www.w3.org/2001/XMLSchema-instance">
  <WebResourceId>{bdff8d96-f8c8-ee11-9079-6045bd127823}</WebResourceId>
  <Name>p365i_prospectIcon</Name>
  <DisplayName>Prospect Icon</DisplayName>
  <WebResourceType>11</WebResourceType>
  <IntroducedVersion>1.0.0.0</IntroducedVersion>
  <IsEnabledForMobileClient>1</IsEnabledForMobileClient>
  <IsAvailableForMobileOffline>1</IsAvailableForMobileOffline>
  <IsCustomizable>1</IsCustomizable>
  <CanBeDeleted>1</CanBeDeleted>
  <IsHidden>0</IsHidden>
  <FileName>/WebResources/p365i_prospectIconBDFF8D96-F8C8-EE11-9079-6045BD127823</FileName>
</WebResource>