﻿<?xml version="1.0" encoding="utf-8"?>
<WebResource xmlns:xsi="http://www.w3.org/2001/XMLSchema-instance">
  <WebResourceId>{29374022-f8c8-ee11-9079-00224841f5ce}</WebResourceId>
  <Name>p365i_opportunityIcon</Name>
  <DisplayName>Opportunity Icon</DisplayName>
  <LanguageCode>1033</LanguageCode>
  <WebResourceType>11</WebResourceType>
  <IntroducedVersion>1.0.0.0</IntroducedVersion>
  <IsEnabledForMobileClient>1</IsEnabledForMobileClient>
  <IsAvailableForMobileOffline>1</IsAvailableForMobileOffline>
  <IsCustomizable>1</IsCustomizable>
  <CanBeDeleted>1</CanBeDeleted>
  <IsHidden>0</IsHidden>
  <FileName>/WebResources/p365i_opportunityIcon29374022-F8C8-EE11-9079-00224841F5CE</FileName>
</WebResource>