﻿<?xml version="1.0" encoding="utf-8"?>
<WebResource xmlns:xsi="http://www.w3.org/2001/XMLSchema-instance">
  <WebResourceId>{3083faab-fac7-ee11-9078-00224840d636}</WebResourceId>
  <Name>p365i_opportunity.js</Name>
  <DisplayName>p365i_opportunity.js</DisplayName>
  <WebResourceType>3</WebResourceType>
  <IntroducedVersion>1.0.0.0</IntroducedVersion>
  <IsEnabledForMobileClient>0</IsEnabledForMobileClient>
  <IsAvailableForMobileOffline>0</IsAvailableForMobileOffline>
  <DependencyXml>&lt;Dependencies&gt;&lt;Dependency componentType="WebResource"&gt;&lt;Library name="p365i_helpers.js" displayName="p365i_helpers.js" languagecode="" description="" libraryUniqueId="{0074c850-4aa9-4436-8033-04e46e02a026}"/&gt;&lt;/Dependency&gt;&lt;/Dependencies&gt;</DependencyXml>
  <IsCustomizable>1</IsCustomizable>
  <CanBeDeleted>1</CanBeDeleted>
  <IsHidden>0</IsHidden>
  <FileName>/WebResources/p365i_opportunityjs3083FAAB-FAC7-EE11-9078-00224840D636</FileName>
</WebResource>