﻿<?xml version="1.0" encoding="utf-8"?>
<WebResource xmlns:xsi="http://www.w3.org/2001/XMLSchema-instance">
  <WebResourceId>{0bd1fd5b-4fca-ee11-9079-00224841f5ce}</WebResourceId>
  <Name>p365i_quote.js</Name>
  <DisplayName>p365i_quote.js</DisplayName>
  <WebResourceType>3</WebResourceType>
  <IntroducedVersion>1.0.0.0</IntroducedVersion>
  <IsEnabledForMobileClient>0</IsEnabledForMobileClient>
  <IsAvailableForMobileOffline>0</IsAvailableForMobileOffline>
  <DependencyXml>&lt;Dependencies&gt;&lt;Dependency componentType="WebResource"&gt;&lt;Library name="p365i_helpers.js" displayName="p365i_helpers.js" languagecode="" description="" libraryUniqueId="{4e27debb-1bec-ae6a-a1c3-02169bd6a99a}"/&gt;&lt;/Dependency&gt;&lt;/Dependencies&gt;</DependencyXml>
  <IsCustomizable>1</IsCustomizable>
  <CanBeDeleted>1</CanBeDeleted>
  <IsHidden>0</IsHidden>
  <FileName>/WebResources/p365i_quotejs0BD1FD5B-4FCA-EE11-9079-00224841F5CE</FileName>
</WebResource>