﻿<?xml version="1.0" encoding="utf-8"?>
<WebResource xmlns:xsi="http://www.w3.org/2001/XMLSchema-instance">
  <WebResourceId>{7585a27c-f8c8-ee11-9078-00224840d636}</WebResourceId>
  <Name>p365i_quoteIcon</Name>
  <DisplayName>Quote Icon</DisplayName>
  <LanguageCode>1033</LanguageCode>
  <WebResourceType>11</WebResourceType>
  <IntroducedVersion>1.0.0.0</IntroducedVersion>
  <IsEnabledForMobileClient>1</IsEnabledForMobileClient>
  <IsAvailableForMobileOffline>1</IsAvailableForMobileOffline>
  <IsCustomizable>1</IsCustomizable>
  <CanBeDeleted>1</CanBeDeleted>
  <IsHidden>0</IsHidden>
  <FileName>/WebResources/p365i_quoteIcon7585A27C-F8C8-EE11-9078-00224840D636</FileName>
</WebResource>