<customapi uniquename="p365i_CreateQuotefromOpp">
  <allowedcustomprocessingsteptype>0</allowedcustomprocessingsteptype>
  <bindingtype>1</bindingtype>
  <boundentitylogicalname>p365i_opportunity</boundentitylogicalname>
  <description default="p365i_CreateQuotefromOpp">
    <label description="p365i_CreateQuotefromOpp" languagecode="1033" />
  </description>
  <displayname default="p365i_CreateQuotefromOpp">
    <label description="p365i_CreateQuotefromOpp" languagecode="1033" />
  </displayname>
  <iscustomizable>1</iscustomizable>
  <isfunction>0</isfunction>
  <isprivate>0</isprivate>
  <name>p365i_CreateQuotefromOpp</name>
  <plugintypeid>
    <plugintypeexportkey>d0dc2c1f-f2fd-4102-b3c1-e522c641fb9f</plugintypeexportkey>
  </plugintypeid>
  <workflowsdkstepenabled>0</workflowsdkstepenabled>
</customapi>