﻿<?xml version="1.0" encoding="utf-8"?>
<Workflow WorkflowId="{333312d9-f77b-ee11-8179-00224840d636}" Name="Type of product" Description="Click to add description" xmlns:xsi="http://www.w3.org/2001/XMLSchema-instance">
  <XamlFileName>/Workflows/Typeofproduct-333312D9-F77B-EE11-8179-00224840D636.xaml</XamlFileName>
  <Type>1</Type>
  <Subprocess>0</Subprocess>
  <Category>2</Category>
  <Mode>1</Mode>
  <Scope>4</Scope>
  <OnDemand>0</OnDemand>
  <TriggerOnCreate>0</TriggerOnCreate>
  <TriggerOnDelete>0</TriggerOnDelete>
  <AsyncAutodelete>0</AsyncAutodelete>
  <SyncWorkflowLogOnFailure>0</SyncWorkflowLogOnFailure>
  <StateCode>1</StateCode>
  <StatusCode>2</StatusCode>
  <RunAs>1</RunAs>
  <IsTransacted>1</IsTransacted>
  <IntroducedVersion>1.0.0.0</IntroducedVersion>
  <IsCustomizable>1</IsCustomizable>
  <BusinessProcessType>0</BusinessProcessType>
  <IsCustomProcessingStepAllowedForOtherPublishers>1</IsCustomProcessingStepAllowedForOtherPublishers>
  <ProcessTriggerScope>2</ProcessTriggerScope>
  <PrimaryEntity>p365i_QuoteProduct</PrimaryEntity>
  <LocalizedNames>
    <LocalizedName languagecode="1033" description="Type of product" />
  </LocalizedNames>
  <Descriptions>
    <Description languagecode="1033" description="Click to add description" />
  </Descriptions>
</Workflow>