﻿<?xml version="1.0" encoding="utf-8"?>
<savedqueries xmlns:xsi="http://www.w3.org/2001/XMLSchema-instance">
  <savedquery>
    <IsCustomizable>1</IsCustomizable>
    <CanBeDeleted>0</CanBeDeleted>
    <isquickfindquery>0</isquickfindquery>
    <isprivate>0</isprivate>
    <isdefault>1</isdefault>
    <savedqueryid>{8c251133-01f7-4ac4-9cd4-aa2d935794ee}</savedqueryid>
    <layoutxml>
      <grid name="resultset" jump="p365i_name" select="1" icon="1" preview="1">
        <row name="result" id="p365i_listitemid">
          <cell name="p365i_name" width="300" />
          <cell name="p365i_price" width="148" />
          <cell name="transactioncurrencyid" width="136" />
          <cell name="p365i_salesunit" width="178" />
          <cell name="p365i_product" width="100" />
          <cell name="p365i_pricelist" width="100" />
          <cell name="exchangerate" width="125" />
        </row>
      </grid>
    </layoutxml>
    <querytype>0</querytype>
    <fetchxml>
      <fetch version="1.0" mapping="logical">
        <entity name="p365i_listitem">
          <attribute name="p365i_listitemid" />
          <attribute name="p365i_name" />
          <order attribute="p365i_name" descending="false" />
          <filter type="and">
            <condition attribute="statecode" operator="eq" value="0" />
          </filter>
          <attribute name="p365i_price" />
          <attribute name="transactioncurrencyid" />
          <attribute name="p365i_salesunit" />
          <attribute name="p365i_product" />
          <attribute name="p365i_pricelist" />
          <attribute name="exchangerate" />
        </entity>
      </fetch>
    </fetchxml>
    <IntroducedVersion>1.0</IntroducedVersion>
    <LocalizedNames>
      <LocalizedName description="Active List Items" languagecode="1033" />
    </LocalizedNames>
  </savedquery>
</savedqueries>