﻿<?xml version="1.0" encoding="utf-8"?>
<savedqueries xmlns:xsi="http://www.w3.org/2001/XMLSchema-instance">
  <savedquery>
    <IsCustomizable>1</IsCustomizable>
    <CanBeDeleted>0</CanBeDeleted>
    <isquickfindquery>0</isquickfindquery>
    <isprivate>0</isprivate>
    <isdefault>1</isdefault>
    <savedqueryid>{bf42380c-d8f6-44a5-b7c5-ca99d0673534}</savedqueryid>
    <layoutxml>
      <grid name="p365i_listitems" jump="p365i_name" select="1" icon="1" preview="0">
        <row name="p365i_listitem" id="p365i_listitemid">
          <cell name="p365i_name" width="300" />
          <cell name="createdon" width="125" />
        </row>
      </grid>
    </layoutxml>
    <querytype>64</querytype>
    <fetchxml>
      <fetch version="1.0" mapping="logical">
        <entity name="p365i_listitem">
          <attribute name="p365i_listitemid" />
          <attribute name="p365i_name" />
          <attribute name="createdon" />
          <filter type="and">
            <condition attribute="statecode" operator="eq" value="0" />
          </filter>
        </entity>
      </fetch>
    </fetchxml>
    <IntroducedVersion>1.0</IntroducedVersion>
    <LocalizedNames>
      <LocalizedName description="List Item Lookup View" languagecode="1033" />
    </LocalizedNames>
  </savedquery>
</savedqueries>