﻿<?xml version="1.0" encoding="utf-8"?>
<CanvasApp xmlns:xsi="http://www.w3.org/2001/XMLSchema-instance">
  <Name>p365i_salescenterdefaultcommandlibrary_48e14</Name>
  <AppVersion>2024-02-10T15:56:45Z</AppVersion>
  <Status>Ready</Status>
  <CreatedByClientVersion>3.24015.12.0</CreatedByClientVersion>
  <MinClientVersion>0.0.0.0</MinClientVersion>
  <Tags>{"primaryDeviceWidth":"640","primaryDeviceHeight":"1136","sienaVersion":"20240209T195058Z-3.24015.12.0","deviceCapabilities":"","supportsPortrait":"true","supportsLandscape":"false","primaryFormFactor":"Phone","publisherVersion":"3.24014.14.0","minimumRequiredApiVersion":"2.2.0","hasComponent":"true","hasUnlockedComponent":"true","isUnifiedRootApp":"false"}</Tags>
  <IsCdsUpgraded>0</IsCdsUpgraded>
  <GalleryItemId xsi:nil="true"></GalleryItemId>
  <BackgroundColor>rgba(0, 176, 240, 1)</BackgroundColor>
  <DisplayName>SalesCenter_DefaultCommandLibrary</DisplayName>
  <Description xsi:nil="true"></Description>
  <CommitMessage>Saved by Command designer.</CommitMessage>
  <Publisher xsi:nil="true"></Publisher>
  <AuthorizationReferences>[]</AuthorizationReferences>
  <ConnectionReferences>{}</ConnectionReferences>
  <DatabaseReferences>{"default.cds":{"databaseDetails":{"referenceType":"Environmental","environmentName":"default.cds"},"dataSources":{"Opportunity Products":{"entitySetName":"p365i_opportunityproducts","logicalName":"p365i_opportunityproduct"},"Prospects":{"entitySetName":"p365i_prospects","logicalName":"p365i_prospect"},"Opportunities":{"entitySetName":"p365i_opportunities","logicalName":"p365i_opportunity"}}}}</DatabaseReferences>
  <AppComponents>[]</AppComponents>
  <AppComponentDependencies>[]</AppComponentDependencies>
  <CanConsumeAppPass>1</CanConsumeAppPass>
  <CanvasAppType>1</CanvasAppType>
  <BypassConsent>0</BypassConsent>
  <AdminControlBypassConsent>0</AdminControlBypassConsent>
  <EmbeddedApp xsi:nil="true"></EmbeddedApp>
  <IntroducedVersion>1.0</IntroducedVersion>
  <CdsDependencies>{"cdsdependencies":[{"logicalname":"p365i_opportunityproduct","componenttype":1},{"logicalname":"p365i_prospect","componenttype":1},{"logicalname":"p365i_opportunity","componenttype":1}]}</CdsDependencies>
  <IsCustomizable>1</IsCustomizable>
  <BackgroundImageUri>/CanvasApps/p365i_salescenterdefaultcommandlibrary_48e14_BackgroundImageUri</BackgroundImageUri>
  <DocumentUri>/CanvasApps/p365i_salescenterdefaultcommandlibrary_48e14_DocumentUri.msapp</DocumentUri>
</CanvasApp>