﻿<?xml version="1.0" encoding="utf-8"?>
<CanvasApp xmlns:xsi="http://www.w3.org/2001/XMLSchema-instance">
  <Name>p365i_closeopportunity_48e00</Name>
  <AppVersion>2024-02-11T15:37:57Z</AppVersion>
  <Status>Ready</Status>
  <CreatedByClientVersion>3.24015.12.0</CreatedByClientVersion>
  <MinClientVersion>3.24015.12.0</MinClientVersion>
  <Tags>{"primaryDeviceWidth":"640","primaryDeviceHeight":"350","supportsPortrait":"true","supportsLandscape":"true","primaryFormFactor":"Tablet","showStatusBar":"false","publisherVersion":"3.24015.12","minimumRequiredApiVersion":"2.2.0","hasComponent":"false","hasUnlockedComponent":"false","isUnifiedRootApp":"false","offlineLargeFilesSupport":"false","sienaVersion":"20240210T152516Z-3.24015.12.0"}</Tags>
  <IsCdsUpgraded>0</IsCdsUpgraded>
  <GalleryItemId xsi:nil="true"></GalleryItemId>
  <BackgroundColor>RGBA(0,176,240,1)</BackgroundColor>
  <DisplayName>CloseOpportunity</DisplayName>
  <Description xsi:nil="true"></Description>
  <CommitMessage xsi:nil="true"></CommitMessage>
  <Publisher xsi:nil="true"></Publisher>
  <AuthorizationReferences>[]</AuthorizationReferences>
  <ConnectionReferences>{}</ConnectionReferences>
  <DatabaseReferences>{"default.cds":{"databaseDetails":{"referenceType":"Environmental","environmentName":"default.cds","overrideValues":{"status":"NotSpecified","environmentVariableName":""}},"dataSources":{"environment_39a902ba":{"entitySetName":"Environment","logicalName":"environment_39a902ba"},"Opportunities":{"entitySetName":"p365i_opportunities","logicalName":"p365i_opportunity"},"Opportunity Closures":{"entitySetName":"p365i_opportunityclosures","logicalName":"p365i_opportunityclosure"}}}}</DatabaseReferences>
  <AppComponents>[]</AppComponents>
  <AppComponentDependencies>[]</AppComponentDependencies>
  <CanConsumeAppPass>1</CanConsumeAppPass>
  <CanvasAppType>2</CanvasAppType>
  <BypassConsent>0</BypassConsent>
  <AdminControlBypassConsent>0</AdminControlBypassConsent>
  <EmbeddedApp xsi:nil="true"></EmbeddedApp>
  <IntroducedVersion>1.0</IntroducedVersion>
  <CdsDependencies>{"cdsdependencies":[{"logicalname":"p365i_opportunity","componenttype":1},{"logicalname":"p365i_opportunityclosure","componenttype":1}]}</CdsDependencies>
  <IsCustomizable>1</IsCustomizable>
  <BackgroundImageUri>/CanvasApps/p365i_closeopportunity_48e00_BackgroundImageUri</BackgroundImageUri>
  <DocumentUri>/CanvasApps/p365i_closeopportunity_48e00_DocumentUri.msapp</DocumentUri>
  <AdditionalUris>
    <AdditionalUri>/CanvasApps/p365i_closeopportunity_48e00_AdditionalUris0_identity.json</AdditionalUri>
  </AdditionalUris>
</CanvasApp>