﻿<?xml version="1.0" encoding="utf-8"?>
<WebResource xmlns:xsi="http://www.w3.org/2001/XMLSchema-instance">
  <WebResourceId>{18f5c7ba-cf7b-ee11-8179-00224841f5ce}</WebResourceId>
  <Name>p365i_ribbon.js</Name>
  <DisplayName>p365i_ribbon.js</DisplayName>
  <WebResourceType>3</WebResourceType>
  <IntroducedVersion>1.0.0.0</IntroducedVersion>
  <IsEnabledForMobileClient>0</IsEnabledForMobileClient>
  <IsAvailableForMobileOffline>0</IsAvailableForMobileOffline>
  <DependencyXml>&lt;Dependencies&gt;&lt;Dependency componentType="WebResource"&gt;&lt;Library name="p365i_helpers.js" displayName="p365i_helpers.js" languagecode="" description="" libraryUniqueId="{b6791b16-916c-6eb7-a1bc-a35aa19c90a6}"/&gt;&lt;/Dependency&gt;&lt;/Dependencies&gt;</DependencyXml>
  <IsCustomizable>1</IsCustomizable>
  <CanBeDeleted>1</CanBeDeleted>
  <IsHidden>0</IsHidden>
  <FileName>/WebResources/p365i_ribbonjs18F5C7BA-CF7B-EE11-8179-00224841F5CE</FileName>
</WebResource>