﻿<?xml version="1.0" encoding="utf-8"?>
<WebResource xmlns:xsi="http://www.w3.org/2001/XMLSchema-instance">
  <WebResourceId>{2487cfa8-f8c8-ee11-9079-00224841f5ce}</WebResourceId>
  <Name>p365i_productsIcon</Name>
  <DisplayName>Products Icon</DisplayName>
  <WebResourceType>11</WebResourceType>
  <IntroducedVersion>1.0.0.0</IntroducedVersion>
  <IsEnabledForMobileClient>0</IsEnabledForMobileClient>
  <IsAvailableForMobileOffline>0</IsAvailableForMobileOffline>
  <IsCustomizable>1</IsCustomizable>
  <CanBeDeleted>1</CanBeDeleted>
  <IsHidden>0</IsHidden>
  <FileName>/WebResources/p365i_productsIcon2487CFA8-F8C8-EE11-9079-00224841F5CE</FileName>
</WebResource>