﻿<?xml version="1.0" encoding="utf-8"?>
<WebResource xmlns:xsi="http://www.w3.org/2001/XMLSchema-instance">
  <WebResourceId>{a3ff3117-cf7b-ee11-8179-00224841f5ce}</WebResourceId>
  <Name>p365i_helpers.js</Name>
  <DisplayName>p365i_helpers.js</DisplayName>
  <WebResourceType>3</WebResourceType>
  <IntroducedVersion>1.0.0.0</IntroducedVersion>
  <IsEnabledForMobileClient>0</IsEnabledForMobileClient>
  <IsAvailableForMobileOffline>0</IsAvailableForMobileOffline>
  <DependencyXml>&lt;Dependencies&gt;&lt;Dependency componentType="WebResource"&gt;&lt;Library name="p365i_enums.js" displayName="p365i_enums.js" languagecode="" description="" libraryUniqueId="{1bda6458-8572-0e8d-b657-929372a34589}"/&gt;&lt;/Dependency&gt;&lt;/Dependencies&gt;</DependencyXml>
  <IsCustomizable>1</IsCustomizable>
  <CanBeDeleted>1</CanBeDeleted>
  <IsHidden>0</IsHidden>
  <FileName>/WebResources/p365i_helpersjsA3FF3117-CF7B-EE11-8179-00224841F5CE</FileName>
</WebResource>