﻿<?xml version="1.0" encoding="utf-8"?>
<Entity xmlns:xsi="http://www.w3.org/2001/XMLSchema-instance">
  <Name LocalizedName="Opportunity Product" OriginalName="Opportunity Product">p365i_OpportunityProduct</Name>
  <EntityInfo>
    <entity Name="p365i_OpportunityProduct">
      <LocalizedNames>
        <LocalizedName description="Opportunity Product" languagecode="1033" />
      </LocalizedNames>
      <LocalizedCollectionNames>
        <LocalizedCollectionName description="Opportunity Products" languagecode="1033" />
      </LocalizedCollectionNames>
      <Descriptions>
        <Description description="" languagecode="1033" />
      </Descriptions>
      <attributes>
        <attribute PhysicalName="CreatedBy">
          <Type>lookup</Type>
          <Name>createdby</Name>
          <LogicalName>createdby</LogicalName>
          <RequiredLevel>none</RequiredLevel>
          <DisplayMask>ValidForAdvancedFind|ValidForForm|ValidForGrid</DisplayMask>
          <ImeMode>auto</ImeMode>
          <ValidForUpdateApi>0</ValidForUpdateApi>
          <ValidForReadApi>1</ValidForReadApi>
          <ValidForCreateApi>0</ValidForCreateApi>
          <IsCustomField>0</IsCustomField>
          <IsAuditEnabled>0</IsAuditEnabled>
          <IsSecured>0</IsSecured>
          <IntroducedVersion>1.0</IntroducedVersion>
          <IsCustomizable>1</IsCustomizable>
          <IsRenameable>1</IsRenameable>
          <CanModifySearchSettings>1</CanModifySearchSettings>
          <CanModifyRequirementLevelSettings>1</CanModifyRequirementLevelSettings>
          <CanModifyAdditionalSettings>1</CanModifyAdditionalSettings>
          <SourceType>0</SourceType>
          <IsGlobalFilterEnabled>0</IsGlobalFilterEnabled>
          <IsSortableEnabled>0</IsSortableEnabled>
          <CanModifyGlobalFilterSettings>1</CanModifyGlobalFilterSettings>
          <CanModifyIsSortableSettings>1</CanModifyIsSortableSettings>
          <IsDataSourceSecret>0</IsDataSourceSecret>
          <AutoNumberFormat></AutoNumberFormat>
          <IsSearchable>0</IsSearchable>
          <IsFilterable>0</IsFilterable>
          <IsRetrievable>0</IsRetrievable>
          <IsLocalizable>0</IsLocalizable>
          <LookupStyle>single</LookupStyle>
          <LookupTypes />
          <displaynames>
            <displayname description="Created By" languagecode="1033" />
          </displaynames>
          <Descriptions>
            <Description description="Unique identifier of the user who created the record." languagecode="1033" />
          </Descriptions>
        </attribute>
        <attribute PhysicalName="CreatedOn">
          <Type>datetime</Type>
          <Name>createdon</Name>
          <LogicalName>createdon</LogicalName>
          <RequiredLevel>none</RequiredLevel>
          <DisplayMask>ValidForAdvancedFind|ValidForForm|ValidForGrid</DisplayMask>
          <ImeMode>inactive</ImeMode>
          <ValidForUpdateApi>0</ValidForUpdateApi>
          <ValidForReadApi>1</ValidForReadApi>
          <ValidForCreateApi>0</ValidForCreateApi>
          <IsCustomField>0</IsCustomField>
          <IsAuditEnabled>0</IsAuditEnabled>
          <IsSecured>0</IsSecured>
          <IntroducedVersion>1.0</IntroducedVersion>
          <IsCustomizable>1</IsCustomizable>
          <IsRenameable>1</IsRenameable>
          <CanModifySearchSettings>1</CanModifySearchSettings>
          <CanModifyRequirementLevelSettings>1</CanModifyRequirementLevelSettings>
          <CanModifyAdditionalSettings>1</CanModifyAdditionalSettings>
          <SourceType>0</SourceType>
          <IsGlobalFilterEnabled>0</IsGlobalFilterEnabled>
          <IsSortableEnabled>0</IsSortableEnabled>
          <CanModifyGlobalFilterSettings>1</CanModifyGlobalFilterSettings>
          <CanModifyIsSortableSettings>1</CanModifyIsSortableSettings>
          <IsDataSourceSecret>0</IsDataSourceSecret>
          <AutoNumberFormat></AutoNumberFormat>
          <IsSearchable>0</IsSearchable>
          <IsFilterable>1</IsFilterable>
          <IsRetrievable>1</IsRetrievable>
          <IsLocalizable>0</IsLocalizable>
          <Format>datetime</Format>
          <CanChangeDateTimeBehavior>0</CanChangeDateTimeBehavior>
          <Behavior>1</Behavior>
          <displaynames>
            <displayname description="Created On" languagecode="1033" />
          </displaynames>
          <Descriptions>
            <Description description="Date and time when the record was created." languagecode="1033" />
          </Descriptions>
        </attribute>
        <attribute PhysicalName="CreatedOnBehalfBy">
          <Type>lookup</Type>
          <Name>createdonbehalfby</Name>
          <LogicalName>createdonbehalfby</LogicalName>
          <RequiredLevel>none</RequiredLevel>
          <DisplayMask>ValidForAdvancedFind|ValidForForm|ValidForGrid</DisplayMask>
          <ImeMode>auto</ImeMode>
          <ValidForUpdateApi>0</ValidForUpdateApi>
          <ValidForReadApi>1</ValidForReadApi>
          <ValidForCreateApi>0</ValidForCreateApi>
          <IsCustomField>0</IsCustomField>
          <IsAuditEnabled>0</IsAuditEnabled>
          <IsSecured>0</IsSecured>
          <IntroducedVersion>1.0</IntroducedVersion>
          <IsCustomizable>1</IsCustomizable>
          <IsRenameable>1</IsRenameable>
          <CanModifySearchSettings>1</CanModifySearchSettings>
          <CanModifyRequirementLevelSettings>1</CanModifyRequirementLevelSettings>
          <CanModifyAdditionalSettings>1</CanModifyAdditionalSettings>
          <SourceType>0</SourceType>
          <IsGlobalFilterEnabled>0</IsGlobalFilterEnabled>
          <IsSortableEnabled>0</IsSortableEnabled>
          <CanModifyGlobalFilterSettings>1</CanModifyGlobalFilterSettings>
          <CanModifyIsSortableSettings>1</CanModifyIsSortableSettings>
          <IsDataSourceSecret>0</IsDataSourceSecret>
          <AutoNumberFormat></AutoNumberFormat>
          <IsSearchable>0</IsSearchable>
          <IsFilterable>0</IsFilterable>
          <IsRetrievable>0</IsRetrievable>
          <IsLocalizable>0</IsLocalizable>
          <LookupStyle>single</LookupStyle>
          <LookupTypes />
          <displaynames>
            <displayname description="Created By (Delegate)" languagecode="1033" />
          </displaynames>
          <Descriptions>
            <Description description="Unique identifier of the delegate user who created the record." languagecode="1033" />
          </Descriptions>
        </attribute>
        <attribute PhysicalName="ExchangeRate">
          <Type>decimal</Type>
          <Name>exchangerate</Name>
          <LogicalName>exchangerate</LogicalName>
          <RequiredLevel>none</RequiredLevel>
          <DisplayMask>ValidForAdvancedFind|ValidForForm|ValidForGrid</DisplayMask>
          <ImeMode>disabled</ImeMode>
          <ValidForUpdateApi>0</ValidForUpdateApi>
          <ValidForReadApi>1</ValidForReadApi>
          <ValidForCreateApi>0</ValidForCreateApi>
          <IsCustomField>0</IsCustomField>
          <IsAuditEnabled>1</IsAuditEnabled>
          <IsSecured>0</IsSecured>
          <IntroducedVersion>1.0.0.0</IntroducedVersion>
          <IsCustomizable>1</IsCustomizable>
          <IsRenameable>1</IsRenameable>
          <CanModifySearchSettings>1</CanModifySearchSettings>
          <CanModifyRequirementLevelSettings>1</CanModifyRequirementLevelSettings>
          <CanModifyAdditionalSettings>1</CanModifyAdditionalSettings>
          <SourceType>0</SourceType>
          <IsGlobalFilterEnabled>0</IsGlobalFilterEnabled>
          <IsSortableEnabled>0</IsSortableEnabled>
          <CanModifyGlobalFilterSettings>1</CanModifyGlobalFilterSettings>
          <CanModifyIsSortableSettings>1</CanModifyIsSortableSettings>
          <IsDataSourceSecret>0</IsDataSourceSecret>
          <AutoNumberFormat></AutoNumberFormat>
          <IsSearchable>0</IsSearchable>
          <IsFilterable>0</IsFilterable>
          <IsRetrievable>0</IsRetrievable>
          <IsLocalizable>0</IsLocalizable>
          <MinValue>1E-10</MinValue>
          <MaxValue>100000000000</MaxValue>
          <Accuracy>10</Accuracy>
          <displaynames>
            <displayname description="Exchange Rate" languagecode="1033" />
          </displaynames>
          <Descriptions>
            <Description description="Exchange rate for the currency associated with the entity with respect to the base currency." languagecode="1033" />
          </Descriptions>
        </attribute>
        <attribute PhysicalName="ImportSequenceNumber">
          <Type>int</Type>
          <Name>importsequencenumber</Name>
          <LogicalName>importsequencenumber</LogicalName>
          <RequiredLevel>none</RequiredLevel>
          <DisplayMask>ValidForAdvancedFind</DisplayMask>
          <ImeMode>disabled</ImeMode>
          <ValidForUpdateApi>0</ValidForUpdateApi>
          <ValidForReadApi>1</ValidForReadApi>
          <ValidForCreateApi>1</ValidForCreateApi>
          <IsCustomField>0</IsCustomField>
          <IsAuditEnabled>1</IsAuditEnabled>
          <IsSecured>0</IsSecured>
          <IntroducedVersion>1.0</IntroducedVersion>
          <IsCustomizable>1</IsCustomizable>
          <IsRenameable>1</IsRenameable>
          <CanModifySearchSettings>1</CanModifySearchSettings>
          <CanModifyRequirementLevelSettings>1</CanModifyRequirementLevelSettings>
          <CanModifyAdditionalSettings>1</CanModifyAdditionalSettings>
          <SourceType>0</SourceType>
          <IsGlobalFilterEnabled>0</IsGlobalFilterEnabled>
          <IsSortableEnabled>0</IsSortableEnabled>
          <CanModifyGlobalFilterSettings>1</CanModifyGlobalFilterSettings>
          <CanModifyIsSortableSettings>1</CanModifyIsSortableSettings>
          <IsDataSourceSecret>0</IsDataSourceSecret>
          <AutoNumberFormat></AutoNumberFormat>
          <IsSearchable>0</IsSearchable>
          <IsFilterable>0</IsFilterable>
          <IsRetrievable>0</IsRetrievable>
          <IsLocalizable>0</IsLocalizable>
          <Format></Format>
          <MinValue>-2147483648</MinValue>
          <MaxValue>2147483647</MaxValue>
          <displaynames>
            <displayname description="Import Sequence Number" languagecode="1033" />
          </displaynames>
          <Descriptions>
            <Description description="Sequence number of the import that created this record." languagecode="1033" />
          </Descriptions>
        </attribute>
        <attribute PhysicalName="ModifiedBy">
          <Type>lookup</Type>
          <Name>modifiedby</Name>
          <LogicalName>modifiedby</LogicalName>
          <RequiredLevel>none</RequiredLevel>
          <DisplayMask>ValidForAdvancedFind|ValidForForm|ValidForGrid</DisplayMask>
          <ImeMode>auto</ImeMode>
          <ValidForUpdateApi>0</ValidForUpdateApi>
          <ValidForReadApi>1</ValidForReadApi>
          <ValidForCreateApi>0</ValidForCreateApi>
          <IsCustomField>0</IsCustomField>
          <IsAuditEnabled>0</IsAuditEnabled>
          <IsSecured>0</IsSecured>
          <IntroducedVersion>1.0</IntroducedVersion>
          <IsCustomizable>1</IsCustomizable>
          <IsRenameable>1</IsRenameable>
          <CanModifySearchSettings>1</CanModifySearchSettings>
          <CanModifyRequirementLevelSettings>1</CanModifyRequirementLevelSettings>
          <CanModifyAdditionalSettings>1</CanModifyAdditionalSettings>
          <SourceType>0</SourceType>
          <IsGlobalFilterEnabled>0</IsGlobalFilterEnabled>
          <IsSortableEnabled>0</IsSortableEnabled>
          <CanModifyGlobalFilterSettings>1</CanModifyGlobalFilterSettings>
          <CanModifyIsSortableSettings>1</CanModifyIsSortableSettings>
          <IsDataSourceSecret>0</IsDataSourceSecret>
          <AutoNumberFormat></AutoNumberFormat>
          <IsSearchable>0</IsSearchable>
          <IsFilterable>0</IsFilterable>
          <IsRetrievable>0</IsRetrievable>
          <IsLocalizable>0</IsLocalizable>
          <LookupStyle>single</LookupStyle>
          <LookupTypes />
          <displaynames>
            <displayname description="Modified By" languagecode="1033" />
          </displaynames>
          <Descriptions>
            <Description description="Unique identifier of the user who modified the record." languagecode="1033" />
          </Descriptions>
        </attribute>
        <attribute PhysicalName="ModifiedOn">
          <Type>datetime</Type>
          <Name>modifiedon</Name>
          <LogicalName>modifiedon</LogicalName>
          <RequiredLevel>none</RequiredLevel>
          <DisplayMask>ValidForAdvancedFind|ValidForForm|ValidForGrid</DisplayMask>
          <ImeMode>inactive</ImeMode>
          <ValidForUpdateApi>0</ValidForUpdateApi>
          <ValidForReadApi>1</ValidForReadApi>
          <ValidForCreateApi>0</ValidForCreateApi>
          <IsCustomField>0</IsCustomField>
          <IsAuditEnabled>0</IsAuditEnabled>
          <IsSecured>0</IsSecured>
          <IntroducedVersion>1.0</IntroducedVersion>
          <IsCustomizable>1</IsCustomizable>
          <IsRenameable>1</IsRenameable>
          <CanModifySearchSettings>1</CanModifySearchSettings>
          <CanModifyRequirementLevelSettings>1</CanModifyRequirementLevelSettings>
          <CanModifyAdditionalSettings>1</CanModifyAdditionalSettings>
          <SourceType>0</SourceType>
          <IsGlobalFilterEnabled>0</IsGlobalFilterEnabled>
          <IsSortableEnabled>0</IsSortableEnabled>
          <CanModifyGlobalFilterSettings>1</CanModifyGlobalFilterSettings>
          <CanModifyIsSortableSettings>1</CanModifyIsSortableSettings>
          <IsDataSourceSecret>0</IsDataSourceSecret>
          <AutoNumberFormat></AutoNumberFormat>
          <IsSearchable>0</IsSearchable>
          <IsFilterable>1</IsFilterable>
          <IsRetrievable>1</IsRetrievable>
          <IsLocalizable>0</IsLocalizable>
          <Format>datetime</Format>
          <CanChangeDateTimeBehavior>0</CanChangeDateTimeBehavior>
          <Behavior>1</Behavior>
          <displaynames>
            <displayname description="Modified On" languagecode="1033" />
          </displaynames>
          <Descriptions>
            <Description description="Date and time when the record was modified." languagecode="1033" />
          </Descriptions>
        </attribute>
        <attribute PhysicalName="ModifiedOnBehalfBy">
          <Type>lookup</Type>
          <Name>modifiedonbehalfby</Name>
          <LogicalName>modifiedonbehalfby</LogicalName>
          <RequiredLevel>none</RequiredLevel>
          <DisplayMask>ValidForAdvancedFind|ValidForForm|ValidForGrid</DisplayMask>
          <ImeMode>auto</ImeMode>
          <ValidForUpdateApi>0</ValidForUpdateApi>
          <ValidForReadApi>1</ValidForReadApi>
          <ValidForCreateApi>0</ValidForCreateApi>
          <IsCustomField>0</IsCustomField>
          <IsAuditEnabled>0</IsAuditEnabled>
          <IsSecured>0</IsSecured>
          <IntroducedVersion>1.0</IntroducedVersion>
          <IsCustomizable>1</IsCustomizable>
          <IsRenameable>1</IsRenameable>
          <CanModifySearchSettings>1</CanModifySearchSettings>
          <CanModifyRequirementLevelSettings>1</CanModifyRequirementLevelSettings>
          <CanModifyAdditionalSettings>1</CanModifyAdditionalSettings>
          <SourceType>0</SourceType>
          <IsGlobalFilterEnabled>0</IsGlobalFilterEnabled>
          <IsSortableEnabled>0</IsSortableEnabled>
          <CanModifyGlobalFilterSettings>1</CanModifyGlobalFilterSettings>
          <CanModifyIsSortableSettings>1</CanModifyIsSortableSettings>
          <IsDataSourceSecret>0</IsDataSourceSecret>
          <AutoNumberFormat></AutoNumberFormat>
          <IsSearchable>0</IsSearchable>
          <IsFilterable>0</IsFilterable>
          <IsRetrievable>0</IsRetrievable>
          <IsLocalizable>0</IsLocalizable>
          <LookupStyle>single</LookupStyle>
          <LookupTypes />
          <displaynames>
            <displayname description="Modified By (Delegate)" languagecode="1033" />
          </displaynames>
          <Descriptions>
            <Description description="Unique identifier of the delegate user who modified the record." languagecode="1033" />
          </Descriptions>
        </attribute>
        <attribute PhysicalName="OverriddenCreatedOn">
          <Type>datetime</Type>
          <Name>overriddencreatedon</Name>
          <LogicalName>overriddencreatedon</LogicalName>
          <RequiredLevel>none</RequiredLevel>
          <DisplayMask>ValidForAdvancedFind|ValidForGrid</DisplayMask>
          <ImeMode>inactive</ImeMode>
          <ValidForUpdateApi>0</ValidForUpdateApi>
          <ValidForReadApi>1</ValidForReadApi>
          <ValidForCreateApi>1</ValidForCreateApi>
          <IsCustomField>0</IsCustomField>
          <IsAuditEnabled>1</IsAuditEnabled>
          <IsSecured>0</IsSecured>
          <IntroducedVersion>1.0</IntroducedVersion>
          <IsCustomizable>1</IsCustomizable>
          <IsRenameable>1</IsRenameable>
          <CanModifySearchSettings>1</CanModifySearchSettings>
          <CanModifyRequirementLevelSettings>1</CanModifyRequirementLevelSettings>
          <CanModifyAdditionalSettings>1</CanModifyAdditionalSettings>
          <SourceType>0</SourceType>
          <IsGlobalFilterEnabled>0</IsGlobalFilterEnabled>
          <IsSortableEnabled>0</IsSortableEnabled>
          <CanModifyGlobalFilterSettings>1</CanModifyGlobalFilterSettings>
          <CanModifyIsSortableSettings>1</CanModifyIsSortableSettings>
          <IsDataSourceSecret>0</IsDataSourceSecret>
          <AutoNumberFormat></AutoNumberFormat>
          <IsSearchable>0</IsSearchable>
          <IsFilterable>0</IsFilterable>
          <IsRetrievable>0</IsRetrievable>
          <IsLocalizable>0</IsLocalizable>
          <Format>date</Format>
          <CanChangeDateTimeBehavior>0</CanChangeDateTimeBehavior>
          <Behavior>1</Behavior>
          <displaynames>
            <displayname description="Record Created On" languagecode="1033" />
          </displaynames>
          <Descriptions>
            <Description description="Date and time that the record was migrated." languagecode="1033" />
          </Descriptions>
        </attribute>
        <attribute PhysicalName="OwnerId">
          <Type>owner</Type>
          <Name>ownerid</Name>
          <LogicalName>ownerid</LogicalName>
          <RequiredLevel>systemrequired</RequiredLevel>
          <DisplayMask>ValidForAdvancedFind|ValidForForm|ValidForGrid|RequiredForForm</DisplayMask>
          <ImeMode>auto</ImeMode>
          <ValidForUpdateApi>1</ValidForUpdateApi>
          <ValidForReadApi>1</ValidForReadApi>
          <ValidForCreateApi>1</ValidForCreateApi>
          <IsCustomField>0</IsCustomField>
          <IsAuditEnabled>1</IsAuditEnabled>
          <IsSecured>0</IsSecured>
          <IntroducedVersion>1.0</IntroducedVersion>
          <IsCustomizable>1</IsCustomizable>
          <IsRenameable>1</IsRenameable>
          <CanModifySearchSettings>1</CanModifySearchSettings>
          <CanModifyRequirementLevelSettings>1</CanModifyRequirementLevelSettings>
          <CanModifyAdditionalSettings>1</CanModifyAdditionalSettings>
          <SourceType>0</SourceType>
          <IsGlobalFilterEnabled>0</IsGlobalFilterEnabled>
          <IsSortableEnabled>0</IsSortableEnabled>
          <CanModifyGlobalFilterSettings>1</CanModifyGlobalFilterSettings>
          <CanModifyIsSortableSettings>1</CanModifyIsSortableSettings>
          <IsDataSourceSecret>0</IsDataSourceSecret>
          <AutoNumberFormat></AutoNumberFormat>
          <IsSearchable>0</IsSearchable>
          <IsFilterable>1</IsFilterable>
          <IsRetrievable>0</IsRetrievable>
          <IsLocalizable>0</IsLocalizable>
          <LookupStyle>single</LookupStyle>
          <LookupTypes>
            <LookupType id="00000000-0000-0000-0000-000000000000">8</LookupType>
            <LookupType id="00000000-0000-0000-0000-000000000000">9</LookupType>
          </LookupTypes>
          <displaynames>
            <displayname description="Owner" languagecode="1033" />
          </displaynames>
          <Descriptions>
            <Description description="Owner Id" languagecode="1033" />
          </Descriptions>
        </attribute>
        <attribute PhysicalName="OwningBusinessUnit">
          <Type>lookup</Type>
          <Name>owningbusinessunit</Name>
          <LogicalName>owningbusinessunit</LogicalName>
          <RequiredLevel>none</RequiredLevel>
          <DisplayMask>ValidForAdvancedFind|ValidForForm|ValidForGrid</DisplayMask>
          <ImeMode>auto</ImeMode>
          <ValidForUpdateApi>0</ValidForUpdateApi>
          <ValidForReadApi>1</ValidForReadApi>
          <ValidForCreateApi>0</ValidForCreateApi>
          <IsCustomField>0</IsCustomField>
          <IsAuditEnabled>1</IsAuditEnabled>
          <IsSecured>0</IsSecured>
          <IntroducedVersion>1.0</IntroducedVersion>
          <IsCustomizable>1</IsCustomizable>
          <IsRenameable>1</IsRenameable>
          <CanModifySearchSettings>1</CanModifySearchSettings>
          <CanModifyRequirementLevelSettings>1</CanModifyRequirementLevelSettings>
          <CanModifyAdditionalSettings>1</CanModifyAdditionalSettings>
          <SourceType>0</SourceType>
          <IsGlobalFilterEnabled>0</IsGlobalFilterEnabled>
          <IsSortableEnabled>0</IsSortableEnabled>
          <CanModifyGlobalFilterSettings>1</CanModifyGlobalFilterSettings>
          <CanModifyIsSortableSettings>1</CanModifyIsSortableSettings>
          <IsDataSourceSecret>0</IsDataSourceSecret>
          <AutoNumberFormat></AutoNumberFormat>
          <IsSearchable>0</IsSearchable>
          <IsFilterable>1</IsFilterable>
          <IsRetrievable>0</IsRetrievable>
          <IsLocalizable>0</IsLocalizable>
          <LookupStyle>single</LookupStyle>
          <LookupTypes />
          <displaynames>
            <displayname description="Owning Business Unit" languagecode="1033" />
          </displaynames>
          <Descriptions>
            <Description description="Unique identifier for the business unit that owns the record" languagecode="1033" />
          </Descriptions>
        </attribute>
        <attribute PhysicalName="OwningTeam">
          <Type>lookup</Type>
          <Name>owningteam</Name>
          <LogicalName>owningteam</LogicalName>
          <RequiredLevel>none</RequiredLevel>
          <ImeMode>auto</ImeMode>
          <ValidForUpdateApi>0</ValidForUpdateApi>
          <ValidForReadApi>1</ValidForReadApi>
          <ValidForCreateApi>0</ValidForCreateApi>
          <IsCustomField>0</IsCustomField>
          <IsAuditEnabled>0</IsAuditEnabled>
          <IsLogical>1</IsLogical>
          <IsSecured>0</IsSecured>
          <IntroducedVersion>1.0</IntroducedVersion>
          <IsCustomizable>1</IsCustomizable>
          <IsRenameable>1</IsRenameable>
          <CanModifySearchSettings>1</CanModifySearchSettings>
          <CanModifyRequirementLevelSettings>1</CanModifyRequirementLevelSettings>
          <CanModifyAdditionalSettings>1</CanModifyAdditionalSettings>
          <SourceType>0</SourceType>
          <IsGlobalFilterEnabled>0</IsGlobalFilterEnabled>
          <IsSortableEnabled>0</IsSortableEnabled>
          <CanModifyGlobalFilterSettings>1</CanModifyGlobalFilterSettings>
          <CanModifyIsSortableSettings>1</CanModifyIsSortableSettings>
          <IsDataSourceSecret>0</IsDataSourceSecret>
          <AutoNumberFormat></AutoNumberFormat>
          <IsSearchable>0</IsSearchable>
          <IsFilterable>0</IsFilterable>
          <IsRetrievable>0</IsRetrievable>
          <IsLocalizable>0</IsLocalizable>
          <LookupStyle>single</LookupStyle>
          <LookupTypes />
          <displaynames>
            <displayname description="Owning Team" languagecode="1033" />
          </displaynames>
          <Descriptions>
            <Description description="Unique identifier for the team that owns the record." languagecode="1033" />
          </Descriptions>
        </attribute>
        <attribute PhysicalName="OwningUser">
          <Type>lookup</Type>
          <Name>owninguser</Name>
          <LogicalName>owninguser</LogicalName>
          <RequiredLevel>none</RequiredLevel>
          <ImeMode>auto</ImeMode>
          <ValidForUpdateApi>0</ValidForUpdateApi>
          <ValidForReadApi>1</ValidForReadApi>
          <ValidForCreateApi>0</ValidForCreateApi>
          <IsCustomField>0</IsCustomField>
          <IsAuditEnabled>0</IsAuditEnabled>
          <IsLogical>1</IsLogical>
          <IsSecured>0</IsSecured>
          <IntroducedVersion>1.0</IntroducedVersion>
          <IsCustomizable>1</IsCustomizable>
          <IsRenameable>1</IsRenameable>
          <CanModifySearchSettings>1</CanModifySearchSettings>
          <CanModifyRequirementLevelSettings>1</CanModifyRequirementLevelSettings>
          <CanModifyAdditionalSettings>1</CanModifyAdditionalSettings>
          <SourceType>0</SourceType>
          <IsGlobalFilterEnabled>0</IsGlobalFilterEnabled>
          <IsSortableEnabled>0</IsSortableEnabled>
          <CanModifyGlobalFilterSettings>1</CanModifyGlobalFilterSettings>
          <CanModifyIsSortableSettings>1</CanModifyIsSortableSettings>
          <IsDataSourceSecret>0</IsDataSourceSecret>
          <AutoNumberFormat></AutoNumberFormat>
          <IsSearchable>0</IsSearchable>
          <IsFilterable>0</IsFilterable>
          <IsRetrievable>0</IsRetrievable>
          <IsLocalizable>0</IsLocalizable>
          <LookupStyle>single</LookupStyle>
          <LookupTypes />
          <displaynames>
            <displayname description="Owning User" languagecode="1033" />
          </displaynames>
          <Descriptions>
            <Description description="Unique identifier for the user that owns the record." languagecode="1033" />
          </Descriptions>
        </attribute>
        <attribute PhysicalName="p365i_ExistingProduct">
          <Type>lookup</Type>
          <Name>p365i_existingproduct</Name>
          <LogicalName>p365i_existingproduct</LogicalName>
          <RequiredLevel>none</RequiredLevel>
          <DisplayMask>ValidForAdvancedFind|ValidForForm|ValidForGrid</DisplayMask>
          <ValidForUpdateApi>1</ValidForUpdateApi>
          <ValidForReadApi>1</ValidForReadApi>
          <ValidForCreateApi>1</ValidForCreateApi>
          <IsCustomField>1</IsCustomField>
          <IsAuditEnabled>0</IsAuditEnabled>
          <IsSecured>0</IsSecured>
          <IntroducedVersion>1.0.0.0</IntroducedVersion>
          <IsCustomizable>1</IsCustomizable>
          <IsRenameable>1</IsRenameable>
          <CanModifySearchSettings>1</CanModifySearchSettings>
          <CanModifyRequirementLevelSettings>1</CanModifyRequirementLevelSettings>
          <CanModifyAdditionalSettings>1</CanModifyAdditionalSettings>
          <SourceType>0</SourceType>
          <IsGlobalFilterEnabled>0</IsGlobalFilterEnabled>
          <IsSortableEnabled>0</IsSortableEnabled>
          <CanModifyGlobalFilterSettings>1</CanModifyGlobalFilterSettings>
          <CanModifyIsSortableSettings>1</CanModifyIsSortableSettings>
          <IsDataSourceSecret>0</IsDataSourceSecret>
          <AutoNumberFormat></AutoNumberFormat>
          <IsSearchable>0</IsSearchable>
          <IsFilterable>0</IsFilterable>
          <IsRetrievable>0</IsRetrievable>
          <IsLocalizable>0</IsLocalizable>
          <LookupStyle>single</LookupStyle>
          <LookupTypes />
          <displaynames>
            <displayname description="Existing Product" languagecode="1033" />
          </displaynames>
          <Descriptions>
            <Description description="" languagecode="1033" />
          </Descriptions>
        </attribute>
        <attribute PhysicalName="p365i_ManualDiscount">
          <Type>money</Type>
          <Name>p365i_manualdiscount</Name>
          <LogicalName>p365i_manualdiscount</LogicalName>
          <RequiredLevel>none</RequiredLevel>
          <DisplayMask>ValidForAdvancedFind|ValidForForm|ValidForGrid</DisplayMask>
          <ImeMode>auto</ImeMode>
          <ValidForUpdateApi>1</ValidForUpdateApi>
          <ValidForReadApi>1</ValidForReadApi>
          <ValidForCreateApi>1</ValidForCreateApi>
          <IsCustomField>1</IsCustomField>
          <IsAuditEnabled>1</IsAuditEnabled>
          <IsSecured>0</IsSecured>
          <IntroducedVersion>1.0.0.0</IntroducedVersion>
          <IsCustomizable>1</IsCustomizable>
          <IsRenameable>1</IsRenameable>
          <CanModifySearchSettings>1</CanModifySearchSettings>
          <CanModifyRequirementLevelSettings>1</CanModifyRequirementLevelSettings>
          <CanModifyAdditionalSettings>1</CanModifyAdditionalSettings>
          <SourceType>0</SourceType>
          <IsGlobalFilterEnabled>0</IsGlobalFilterEnabled>
          <IsSortableEnabled>0</IsSortableEnabled>
          <CanModifyGlobalFilterSettings>1</CanModifyGlobalFilterSettings>
          <CanModifyIsSortableSettings>1</CanModifyIsSortableSettings>
          <IsDataSourceSecret>0</IsDataSourceSecret>
          <AutoNumberFormat></AutoNumberFormat>
          <IsSearchable>0</IsSearchable>
          <IsFilterable>0</IsFilterable>
          <IsRetrievable>0</IsRetrievable>
          <IsLocalizable>0</IsLocalizable>
          <MinValue>0</MinValue>
          <MaxValue>922337203685477</MaxValue>
          <Accuracy>2</Accuracy>
          <AccuracySource>2</AccuracySource>
          <displaynames>
            <displayname description="Manual Discount" languagecode="1033" />
          </displaynames>
          <Descriptions>
            <Description description="" languagecode="1033" />
          </Descriptions>
        </attribute>
        <attribute PhysicalName="p365i_manualdiscount_Base">
          <Type>money</Type>
          <Name>p365i_manualdiscount_base</Name>
          <LogicalName>p365i_manualdiscount_base</LogicalName>
          <RequiredLevel>none</RequiredLevel>
          <DisplayMask>ValidForAdvancedFind|ValidForForm|ValidForGrid</DisplayMask>
          <ImeMode>disabled</ImeMode>
          <ValidForUpdateApi>0</ValidForUpdateApi>
          <ValidForReadApi>1</ValidForReadApi>
          <ValidForCreateApi>0</ValidForCreateApi>
          <IsCustomField>1</IsCustomField>
          <IsAuditEnabled>1</IsAuditEnabled>
          <IsSecured>0</IsSecured>
          <IntroducedVersion>1.0.0.0</IntroducedVersion>
          <IsCustomizable>1</IsCustomizable>
          <IsRenameable>1</IsRenameable>
          <CanModifySearchSettings>1</CanModifySearchSettings>
          <CanModifyRequirementLevelSettings>1</CanModifyRequirementLevelSettings>
          <CanModifyAdditionalSettings>1</CanModifyAdditionalSettings>
          <SourceType>0</SourceType>
          <IsGlobalFilterEnabled>0</IsGlobalFilterEnabled>
          <IsSortableEnabled>0</IsSortableEnabled>
          <CanModifyGlobalFilterSettings>1</CanModifyGlobalFilterSettings>
          <CanModifyIsSortableSettings>1</CanModifyIsSortableSettings>
          <IsDataSourceSecret>0</IsDataSourceSecret>
          <AutoNumberFormat></AutoNumberFormat>
          <IsSearchable>0</IsSearchable>
          <IsFilterable>0</IsFilterable>
          <IsRetrievable>0</IsRetrievable>
          <IsLocalizable>0</IsLocalizable>
          <MinValue>-922337203685477</MinValue>
          <MaxValue>922337203685477</MaxValue>
          <Accuracy>2</Accuracy>
          <AccuracySource>2</AccuracySource>
          <CalculationOf>p365i_ManualDiscount</CalculationOf>
          <displaynames>
            <displayname description="Manual Discount (Base)" languagecode="1033" />
          </displaynames>
          <Descriptions>
            <Description description="Value of the Manual Discount in base currency." languagecode="1033" />
          </Descriptions>
        </attribute>
        <attribute PhysicalName="p365i_Opportunity">
          <Type>lookup</Type>
          <Name>p365i_opportunity</Name>
          <LogicalName>p365i_opportunity</LogicalName>
          <RequiredLevel>required</RequiredLevel>
          <DisplayMask>ValidForAdvancedFind|ValidForForm|ValidForGrid</DisplayMask>
          <ValidForUpdateApi>1</ValidForUpdateApi>
          <ValidForReadApi>1</ValidForReadApi>
          <ValidForCreateApi>1</ValidForCreateApi>
          <IsCustomField>1</IsCustomField>
          <IsAuditEnabled>0</IsAuditEnabled>
          <IsSecured>0</IsSecured>
          <IntroducedVersion>1.0.0.0</IntroducedVersion>
          <IsCustomizable>1</IsCustomizable>
          <IsRenameable>1</IsRenameable>
          <CanModifySearchSettings>1</CanModifySearchSettings>
          <CanModifyRequirementLevelSettings>1</CanModifyRequirementLevelSettings>
          <CanModifyAdditionalSettings>1</CanModifyAdditionalSettings>
          <SourceType>0</SourceType>
          <IsGlobalFilterEnabled>0</IsGlobalFilterEnabled>
          <IsSortableEnabled>0</IsSortableEnabled>
          <CanModifyGlobalFilterSettings>1</CanModifyGlobalFilterSettings>
          <CanModifyIsSortableSettings>1</CanModifyIsSortableSettings>
          <IsDataSourceSecret>0</IsDataSourceSecret>
          <AutoNumberFormat></AutoNumberFormat>
          <IsSearchable>0</IsSearchable>
          <IsFilterable>0</IsFilterable>
          <IsRetrievable>0</IsRetrievable>
          <IsLocalizable>0</IsLocalizable>
          <LookupStyle>single</LookupStyle>
          <LookupTypes />
          <displaynames>
            <displayname description="Opportunity" languagecode="1033" />
          </displaynames>
          <Descriptions>
            <Description description="" languagecode="1033" />
          </Descriptions>
        </attribute>
        <attribute PhysicalName="p365i_OpportunityProductId">
          <Type>primarykey</Type>
          <Name>p365i_opportunityproductid</Name>
          <LogicalName>p365i_opportunityproductid</LogicalName>
          <RequiredLevel>systemrequired</RequiredLevel>
          <DisplayMask>ValidForAdvancedFind|RequiredForGrid</DisplayMask>
          <ImeMode>auto</ImeMode>
          <ValidForUpdateApi>0</ValidForUpdateApi>
          <ValidForReadApi>1</ValidForReadApi>
          <ValidForCreateApi>1</ValidForCreateApi>
          <IsCustomField>0</IsCustomField>
          <IsAuditEnabled>0</IsAuditEnabled>
          <IsSecured>0</IsSecured>
          <IntroducedVersion>1.0</IntroducedVersion>
          <IsCustomizable>1</IsCustomizable>
          <IsRenameable>1</IsRenameable>
          <CanModifySearchSettings>1</CanModifySearchSettings>
          <CanModifyRequirementLevelSettings>0</CanModifyRequirementLevelSettings>
          <CanModifyAdditionalSettings>1</CanModifyAdditionalSettings>
          <SourceType>0</SourceType>
          <IsGlobalFilterEnabled>0</IsGlobalFilterEnabled>
          <IsSortableEnabled>0</IsSortableEnabled>
          <CanModifyGlobalFilterSettings>1</CanModifyGlobalFilterSettings>
          <CanModifyIsSortableSettings>1</CanModifyIsSortableSettings>
          <IsDataSourceSecret>0</IsDataSourceSecret>
          <AutoNumberFormat></AutoNumberFormat>
          <IsSearchable>0</IsSearchable>
          <IsFilterable>1</IsFilterable>
          <IsRetrievable>1</IsRetrievable>
          <IsLocalizable>0</IsLocalizable>
          <displaynames>
            <displayname description="Opportunity Product" languagecode="1033" />
          </displaynames>
          <Descriptions>
            <Description description="Unique identifier for entity instances" languagecode="1033" />
          </Descriptions>
        </attribute>
        <attribute PhysicalName="p365i_PriceList">
          <Type>lookup</Type>
          <Name>p365i_pricelist</Name>
          <LogicalName>p365i_pricelist</LogicalName>
          <RequiredLevel>required</RequiredLevel>
          <DisplayMask>ValidForAdvancedFind|ValidForForm|ValidForGrid</DisplayMask>
          <ValidForUpdateApi>1</ValidForUpdateApi>
          <ValidForReadApi>1</ValidForReadApi>
          <ValidForCreateApi>1</ValidForCreateApi>
          <IsCustomField>1</IsCustomField>
          <IsAuditEnabled>0</IsAuditEnabled>
          <IsSecured>0</IsSecured>
          <IntroducedVersion>1.0.0.0</IntroducedVersion>
          <IsCustomizable>1</IsCustomizable>
          <IsRenameable>1</IsRenameable>
          <CanModifySearchSettings>1</CanModifySearchSettings>
          <CanModifyRequirementLevelSettings>1</CanModifyRequirementLevelSettings>
          <CanModifyAdditionalSettings>1</CanModifyAdditionalSettings>
          <SourceType>0</SourceType>
          <IsGlobalFilterEnabled>0</IsGlobalFilterEnabled>
          <IsSortableEnabled>0</IsSortableEnabled>
          <CanModifyGlobalFilterSettings>1</CanModifyGlobalFilterSettings>
          <CanModifyIsSortableSettings>1</CanModifyIsSortableSettings>
          <IsDataSourceSecret>0</IsDataSourceSecret>
          <AutoNumberFormat></AutoNumberFormat>
          <IsSearchable>0</IsSearchable>
          <IsFilterable>0</IsFilterable>
          <IsRetrievable>0</IsRetrievable>
          <IsLocalizable>0</IsLocalizable>
          <LookupStyle>single</LookupStyle>
          <LookupTypes />
          <displaynames>
            <displayname description="Price List" languagecode="1033" />
          </displaynames>
          <Descriptions>
            <Description description="" languagecode="1033" />
          </Descriptions>
        </attribute>
        <attribute PhysicalName="p365i_Product">
          <Type>nvarchar</Type>
          <Name>p365i_product</Name>
          <LogicalName>p365i_product</LogicalName>
          <RequiredLevel>none</RequiredLevel>
          <DisplayMask>PrimaryName|ValidForAdvancedFind|ValidForForm|ValidForGrid|RequiredForForm</DisplayMask>
          <ImeMode>auto</ImeMode>
          <ValidForUpdateApi>1</ValidForUpdateApi>
          <ValidForReadApi>1</ValidForReadApi>
          <ValidForCreateApi>1</ValidForCreateApi>
          <IsCustomField>1</IsCustomField>
          <IsAuditEnabled>1</IsAuditEnabled>
          <IsSecured>0</IsSecured>
          <IntroducedVersion>1.0</IntroducedVersion>
          <IsCustomizable>1</IsCustomizable>
          <IsRenameable>1</IsRenameable>
          <CanModifySearchSettings>1</CanModifySearchSettings>
          <CanModifyRequirementLevelSettings>1</CanModifyRequirementLevelSettings>
          <CanModifyAdditionalSettings>1</CanModifyAdditionalSettings>
          <SourceType>0</SourceType>
          <IsGlobalFilterEnabled>0</IsGlobalFilterEnabled>
          <IsSortableEnabled>0</IsSortableEnabled>
          <CanModifyGlobalFilterSettings>1</CanModifyGlobalFilterSettings>
          <CanModifyIsSortableSettings>1</CanModifyIsSortableSettings>
          <IsDataSourceSecret>0</IsDataSourceSecret>
          <AutoNumberFormat></AutoNumberFormat>
          <IsSearchable>1</IsSearchable>
          <IsFilterable>0</IsFilterable>
          <IsRetrievable>1</IsRetrievable>
          <IsLocalizable>0</IsLocalizable>
          <Format>text</Format>
          <MaxLength>100</MaxLength>
          <Length>200</Length>
          <displaynames>
            <displayname description="Product" languagecode="1033" />
          </displaynames>
          <Descriptions>
            <Description description="" languagecode="1033" />
          </Descriptions>
        </attribute>
        <attribute PhysicalName="p365i_Quantity">
          <Type>int</Type>
          <Name>p365i_quantity</Name>
          <LogicalName>p365i_quantity</LogicalName>
          <RequiredLevel>none</RequiredLevel>
          <DisplayMask>ValidForAdvancedFind|ValidForForm|ValidForGrid</DisplayMask>
          <ImeMode>disabled</ImeMode>
          <ValidForUpdateApi>1</ValidForUpdateApi>
          <ValidForReadApi>1</ValidForReadApi>
          <ValidForCreateApi>1</ValidForCreateApi>
          <IsCustomField>1</IsCustomField>
          <IsAuditEnabled>1</IsAuditEnabled>
          <IsSecured>0</IsSecured>
          <IntroducedVersion>1.0</IntroducedVersion>
          <IsCustomizable>1</IsCustomizable>
          <IsRenameable>1</IsRenameable>
          <CanModifySearchSettings>1</CanModifySearchSettings>
          <CanModifyRequirementLevelSettings>1</CanModifyRequirementLevelSettings>
          <CanModifyAdditionalSettings>1</CanModifyAdditionalSettings>
          <SourceType>0</SourceType>
          <IsGlobalFilterEnabled>0</IsGlobalFilterEnabled>
          <IsSortableEnabled>0</IsSortableEnabled>
          <CanModifyGlobalFilterSettings>1</CanModifyGlobalFilterSettings>
          <CanModifyIsSortableSettings>1</CanModifyIsSortableSettings>
          <IsDataSourceSecret>0</IsDataSourceSecret>
          <AutoNumberFormat></AutoNumberFormat>
          <IsSearchable>0</IsSearchable>
          <IsFilterable>0</IsFilterable>
          <IsRetrievable>0</IsRetrievable>
          <IsLocalizable>0</IsLocalizable>
          <Format>none</Format>
          <MinValue>0</MinValue>
          <MaxValue>2147483647</MaxValue>
          <displaynames>
            <displayname description="Quantity" languagecode="1033" />
          </displaynames>
          <Descriptions>
            <Description description="" languagecode="1033" />
          </Descriptions>
        </attribute>
        <attribute PhysicalName="p365i_SalesUnit">
          <Type>lookup</Type>
          <Name>p365i_salesunit</Name>
          <LogicalName>p365i_salesunit</LogicalName>
          <RequiredLevel>none</RequiredLevel>
          <DisplayMask>ValidForAdvancedFind|ValidForForm|ValidForGrid</DisplayMask>
          <ValidForUpdateApi>1</ValidForUpdateApi>
          <ValidForReadApi>1</ValidForReadApi>
          <ValidForCreateApi>1</ValidForCreateApi>
          <IsCustomField>1</IsCustomField>
          <IsAuditEnabled>0</IsAuditEnabled>
          <IsSecured>0</IsSecured>
          <IntroducedVersion>1.0.0.0</IntroducedVersion>
          <IsCustomizable>1</IsCustomizable>
          <IsRenameable>1</IsRenameable>
          <CanModifySearchSettings>1</CanModifySearchSettings>
          <CanModifyRequirementLevelSettings>1</CanModifyRequirementLevelSettings>
          <CanModifyAdditionalSettings>1</CanModifyAdditionalSettings>
          <SourceType>0</SourceType>
          <IsGlobalFilterEnabled>0</IsGlobalFilterEnabled>
          <IsSortableEnabled>0</IsSortableEnabled>
          <CanModifyGlobalFilterSettings>1</CanModifyGlobalFilterSettings>
          <CanModifyIsSortableSettings>1</CanModifyIsSortableSettings>
          <IsDataSourceSecret>0</IsDataSourceSecret>
          <AutoNumberFormat></AutoNumberFormat>
          <IsSearchable>0</IsSearchable>
          <IsFilterable>0</IsFilterable>
          <IsRetrievable>0</IsRetrievable>
          <IsLocalizable>0</IsLocalizable>
          <LookupStyle>single</LookupStyle>
          <LookupTypes />
          <displaynames>
            <displayname description="Sales Unit" languagecode="1033" />
          </displaynames>
          <Descriptions>
            <Description description="" languagecode="1033" />
          </Descriptions>
        </attribute>
        <attribute PhysicalName="p365i_SelectProduct">
          <Type>bit</Type>
          <Name>p365i_selectproduct</Name>
          <LogicalName>p365i_selectproduct</LogicalName>
          <RequiredLevel>none</RequiredLevel>
          <DisplayMask>ValidForAdvancedFind|ValidForForm|ValidForGrid</DisplayMask>
          <ImeMode>auto</ImeMode>
          <ValidForUpdateApi>1</ValidForUpdateApi>
          <ValidForReadApi>1</ValidForReadApi>
          <ValidForCreateApi>1</ValidForCreateApi>
          <IsCustomField>1</IsCustomField>
          <IsAuditEnabled>1</IsAuditEnabled>
          <IsSecured>0</IsSecured>
          <IntroducedVersion>1.0.0.0</IntroducedVersion>
          <IsCustomizable>1</IsCustomizable>
          <IsRenameable>1</IsRenameable>
          <CanModifySearchSettings>1</CanModifySearchSettings>
          <CanModifyRequirementLevelSettings>1</CanModifyRequirementLevelSettings>
          <CanModifyAdditionalSettings>1</CanModifyAdditionalSettings>
          <SourceType>0</SourceType>
          <IsGlobalFilterEnabled>0</IsGlobalFilterEnabled>
          <IsSortableEnabled>0</IsSortableEnabled>
          <CanModifyGlobalFilterSettings>1</CanModifyGlobalFilterSettings>
          <CanModifyIsSortableSettings>1</CanModifyIsSortableSettings>
          <IsDataSourceSecret>0</IsDataSourceSecret>
          <AutoNumberFormat></AutoNumberFormat>
          <IsSearchable>0</IsSearchable>
          <IsFilterable>0</IsFilterable>
          <IsRetrievable>0</IsRetrievable>
          <IsLocalizable>0</IsLocalizable>
          <AppDefaultValue>0</AppDefaultValue>
          <optionset Name="p365i_opportunityproduct_p365i_selectproduct">
            <OptionSetType>bit</OptionSetType>
            <IntroducedVersion>1.0.0.0</IntroducedVersion>
            <IsCustomizable>1</IsCustomizable>
            <ExternalTypeName></ExternalTypeName>
            <displaynames>
              <displayname description="Select Product" languagecode="1033" />
            </displaynames>
            <Descriptions>
              <Description description="" languagecode="1033" />
            </Descriptions>
            <options>
              <option value="1" ExternalValue="">
                <labels>
                  <label description="Write-In" languagecode="1033" />
                </labels>
              </option>
              <option value="0" ExternalValue="">
                <labels>
                  <label description="Existing" languagecode="1033" />
                </labels>
              </option>
            </options>
          </optionset>
          <displaynames>
            <displayname description="Select Product" languagecode="1033" />
          </displaynames>
          <Descriptions>
            <Description description="" languagecode="1033" />
          </Descriptions>
        </attribute>
        <attribute PhysicalName="p365i_Subtotal">
          <Type>money</Type>
          <Name>p365i_subtotal</Name>
          <LogicalName>p365i_subtotal</LogicalName>
          <RequiredLevel>none</RequiredLevel>
          <DisplayMask>ValidForAdvancedFind|ValidForForm|ValidForGrid</DisplayMask>
          <ImeMode>auto</ImeMode>
          <ValidForUpdateApi>0</ValidForUpdateApi>
          <ValidForReadApi>1</ValidForReadApi>
          <ValidForCreateApi>0</ValidForCreateApi>
          <IsCustomField>1</IsCustomField>
          <IsAuditEnabled>0</IsAuditEnabled>
          <IsSecured>0</IsSecured>
          <IntroducedVersion>1.0.0.0</IntroducedVersion>
          <IsCustomizable>1</IsCustomizable>
          <IsRenameable>1</IsRenameable>
          <CanModifySearchSettings>1</CanModifySearchSettings>
          <CanModifyRequirementLevelSettings>1</CanModifyRequirementLevelSettings>
          <CanModifyAdditionalSettings>1</CanModifyAdditionalSettings>
          <SourceType>1</SourceType>
          <IsGlobalFilterEnabled>0</IsGlobalFilterEnabled>
          <IsSortableEnabled>0</IsSortableEnabled>
          <CanModifyGlobalFilterSettings>1</CanModifyGlobalFilterSettings>
          <CanModifyIsSortableSettings>1</CanModifyIsSortableSettings>
          <IsDataSourceSecret>0</IsDataSourceSecret>
          <AutoNumberFormat></AutoNumberFormat>
          <IsSearchable>0</IsSearchable>
          <IsFilterable>0</IsFilterable>
          <IsRetrievable>0</IsRetrievable>
          <IsLocalizable>0</IsLocalizable>
          <MinValue>-922337203685477</MinValue>
          <MaxValue>922337203685477</MaxValue>
          <Accuracy>2</Accuracy>
          <AccuracySource>2</AccuracySource>
          <displaynames>
            <displayname description="Subtotal" languagecode="1033" />
          </displaynames>
          <Descriptions>
            <Description description="" languagecode="1033" />
          </Descriptions>
          <FormulaDefinitionFileName>/Formulas/p365i_opportunityproduct-p365i_subtotal.xaml</FormulaDefinitionFileName>
        </attribute>
        <attribute PhysicalName="p365i_subtotal_Base">
          <Type>money</Type>
          <Name>p365i_subtotal_base</Name>
          <LogicalName>p365i_subtotal_base</LogicalName>
          <RequiredLevel>none</RequiredLevel>
          <DisplayMask>ValidForAdvancedFind|ValidForForm|ValidForGrid</DisplayMask>
          <ImeMode>disabled</ImeMode>
          <ValidForUpdateApi>0</ValidForUpdateApi>
          <ValidForReadApi>1</ValidForReadApi>
          <ValidForCreateApi>0</ValidForCreateApi>
          <IsCustomField>1</IsCustomField>
          <IsAuditEnabled>0</IsAuditEnabled>
          <IsSecured>0</IsSecured>
          <IntroducedVersion>1.0.0.0</IntroducedVersion>
          <IsCustomizable>1</IsCustomizable>
          <IsRenameable>1</IsRenameable>
          <CanModifySearchSettings>1</CanModifySearchSettings>
          <CanModifyRequirementLevelSettings>1</CanModifyRequirementLevelSettings>
          <CanModifyAdditionalSettings>1</CanModifyAdditionalSettings>
          <SourceType>1</SourceType>
          <IsGlobalFilterEnabled>0</IsGlobalFilterEnabled>
          <IsSortableEnabled>0</IsSortableEnabled>
          <CanModifyGlobalFilterSettings>1</CanModifyGlobalFilterSettings>
          <CanModifyIsSortableSettings>1</CanModifyIsSortableSettings>
          <IsDataSourceSecret>0</IsDataSourceSecret>
          <AutoNumberFormat></AutoNumberFormat>
          <IsSearchable>0</IsSearchable>
          <IsFilterable>0</IsFilterable>
          <IsRetrievable>0</IsRetrievable>
          <IsLocalizable>0</IsLocalizable>
          <MinValue>-922337203685477</MinValue>
          <MaxValue>922337203685477</MaxValue>
          <Accuracy>2</Accuracy>
          <AccuracySource>2</AccuracySource>
          <CalculationOf>p365i_Subtotal</CalculationOf>
          <displaynames>
            <displayname description="Subtotal (Base)" languagecode="1033" />
          </displaynames>
          <Descriptions>
            <Description description="Value of the Subtotal in base currency." languagecode="1033" />
          </Descriptions>
        </attribute>
        <attribute PhysicalName="p365i_Tax">
          <Type>money</Type>
          <Name>p365i_tax</Name>
          <LogicalName>p365i_tax</LogicalName>
          <RequiredLevel>none</RequiredLevel>
          <DisplayMask>ValidForAdvancedFind|ValidForForm|ValidForGrid</DisplayMask>
          <ImeMode>auto</ImeMode>
          <ValidForUpdateApi>1</ValidForUpdateApi>
          <ValidForReadApi>1</ValidForReadApi>
          <ValidForCreateApi>1</ValidForCreateApi>
          <IsCustomField>1</IsCustomField>
          <IsAuditEnabled>1</IsAuditEnabled>
          <IsSecured>0</IsSecured>
          <IntroducedVersion>1.0.0.0</IntroducedVersion>
          <IsCustomizable>1</IsCustomizable>
          <IsRenameable>1</IsRenameable>
          <CanModifySearchSettings>1</CanModifySearchSettings>
          <CanModifyRequirementLevelSettings>1</CanModifyRequirementLevelSettings>
          <CanModifyAdditionalSettings>1</CanModifyAdditionalSettings>
          <SourceType>0</SourceType>
          <IsGlobalFilterEnabled>0</IsGlobalFilterEnabled>
          <IsSortableEnabled>0</IsSortableEnabled>
          <CanModifyGlobalFilterSettings>1</CanModifyGlobalFilterSettings>
          <CanModifyIsSortableSettings>1</CanModifyIsSortableSettings>
          <IsDataSourceSecret>0</IsDataSourceSecret>
          <AutoNumberFormat></AutoNumberFormat>
          <IsSearchable>0</IsSearchable>
          <IsFilterable>0</IsFilterable>
          <IsRetrievable>0</IsRetrievable>
          <IsLocalizable>0</IsLocalizable>
          <MinValue>-922337203685477</MinValue>
          <MaxValue>922337203685477</MaxValue>
          <Accuracy>2</Accuracy>
          <AccuracySource>2</AccuracySource>
          <displaynames>
            <displayname description="Tax" languagecode="1033" />
          </displaynames>
          <Descriptions>
            <Description description="" languagecode="1033" />
          </Descriptions>
        </attribute>
        <attribute PhysicalName="p365i_tax_Base">
          <Type>money</Type>
          <Name>p365i_tax_base</Name>
          <LogicalName>p365i_tax_base</LogicalName>
          <RequiredLevel>none</RequiredLevel>
          <DisplayMask>ValidForAdvancedFind|ValidForForm|ValidForGrid</DisplayMask>
          <ImeMode>disabled</ImeMode>
          <ValidForUpdateApi>0</ValidForUpdateApi>
          <ValidForReadApi>1</ValidForReadApi>
          <ValidForCreateApi>0</ValidForCreateApi>
          <IsCustomField>1</IsCustomField>
          <IsAuditEnabled>1</IsAuditEnabled>
          <IsSecured>0</IsSecured>
          <IntroducedVersion>1.0.0.0</IntroducedVersion>
          <IsCustomizable>1</IsCustomizable>
          <IsRenameable>1</IsRenameable>
          <CanModifySearchSettings>1</CanModifySearchSettings>
          <CanModifyRequirementLevelSettings>1</CanModifyRequirementLevelSettings>
          <CanModifyAdditionalSettings>1</CanModifyAdditionalSettings>
          <SourceType>0</SourceType>
          <IsGlobalFilterEnabled>0</IsGlobalFilterEnabled>
          <IsSortableEnabled>0</IsSortableEnabled>
          <CanModifyGlobalFilterSettings>1</CanModifyGlobalFilterSettings>
          <CanModifyIsSortableSettings>1</CanModifyIsSortableSettings>
          <IsDataSourceSecret>0</IsDataSourceSecret>
          <AutoNumberFormat></AutoNumberFormat>
          <IsSearchable>0</IsSearchable>
          <IsFilterable>0</IsFilterable>
          <IsRetrievable>0</IsRetrievable>
          <IsLocalizable>0</IsLocalizable>
          <MinValue>-922337203685477</MinValue>
          <MaxValue>922337203685477</MaxValue>
          <Accuracy>2</Accuracy>
          <AccuracySource>2</AccuracySource>
          <CalculationOf>p365i_Tax</CalculationOf>
          <displaynames>
            <displayname description="Tax (Base)" languagecode="1033" />
          </displaynames>
          <Descriptions>
            <Description description="Value of the Tax in base currency." languagecode="1033" />
          </Descriptions>
        </attribute>
        <attribute PhysicalName="p365i_TotalCost">
          <Type>money</Type>
          <Name>p365i_totalcost</Name>
          <LogicalName>p365i_totalcost</LogicalName>
          <RequiredLevel>none</RequiredLevel>
          <DisplayMask>ValidForAdvancedFind|ValidForForm|ValidForGrid</DisplayMask>
          <ImeMode>auto</ImeMode>
          <ValidForUpdateApi>0</ValidForUpdateApi>
          <ValidForReadApi>1</ValidForReadApi>
          <ValidForCreateApi>0</ValidForCreateApi>
          <IsCustomField>1</IsCustomField>
          <IsAuditEnabled>0</IsAuditEnabled>
          <IsSecured>0</IsSecured>
          <IntroducedVersion>1.0.0.0</IntroducedVersion>
          <IsCustomizable>1</IsCustomizable>
          <IsRenameable>1</IsRenameable>
          <CanModifySearchSettings>1</CanModifySearchSettings>
          <CanModifyRequirementLevelSettings>1</CanModifyRequirementLevelSettings>
          <CanModifyAdditionalSettings>1</CanModifyAdditionalSettings>
          <SourceType>1</SourceType>
          <IsGlobalFilterEnabled>0</IsGlobalFilterEnabled>
          <IsSortableEnabled>0</IsSortableEnabled>
          <CanModifyGlobalFilterSettings>1</CanModifyGlobalFilterSettings>
          <CanModifyIsSortableSettings>1</CanModifyIsSortableSettings>
          <IsDataSourceSecret>0</IsDataSourceSecret>
          <AutoNumberFormat></AutoNumberFormat>
          <IsSearchable>0</IsSearchable>
          <IsFilterable>0</IsFilterable>
          <IsRetrievable>0</IsRetrievable>
          <IsLocalizable>0</IsLocalizable>
          <MinValue>-922337203685477</MinValue>
          <MaxValue>922337203685477</MaxValue>
          <Accuracy>2</Accuracy>
          <AccuracySource>2</AccuracySource>
          <displaynames>
            <displayname description="Total Cost" languagecode="1033" />
          </displaynames>
          <Descriptions>
            <Description description="" languagecode="1033" />
          </Descriptions>
          <FormulaDefinitionFileName>/Formulas/p365i_opportunityproduct-p365i_totalcost.xaml</FormulaDefinitionFileName>
        </attribute>
        <attribute PhysicalName="p365i_totalcost_Base">
          <Type>money</Type>
          <Name>p365i_totalcost_base</Name>
          <LogicalName>p365i_totalcost_base</LogicalName>
          <RequiredLevel>none</RequiredLevel>
          <DisplayMask>ValidForAdvancedFind|ValidForForm|ValidForGrid</DisplayMask>
          <ImeMode>disabled</ImeMode>
          <ValidForUpdateApi>0</ValidForUpdateApi>
          <ValidForReadApi>1</ValidForReadApi>
          <ValidForCreateApi>0</ValidForCreateApi>
          <IsCustomField>1</IsCustomField>
          <IsAuditEnabled>0</IsAuditEnabled>
          <IsSecured>0</IsSecured>
          <IntroducedVersion>1.0.0.0</IntroducedVersion>
          <IsCustomizable>1</IsCustomizable>
          <IsRenameable>1</IsRenameable>
          <CanModifySearchSettings>1</CanModifySearchSettings>
          <CanModifyRequirementLevelSettings>1</CanModifyRequirementLevelSettings>
          <CanModifyAdditionalSettings>1</CanModifyAdditionalSettings>
          <SourceType>1</SourceType>
          <IsGlobalFilterEnabled>0</IsGlobalFilterEnabled>
          <IsSortableEnabled>0</IsSortableEnabled>
          <CanModifyGlobalFilterSettings>1</CanModifyGlobalFilterSettings>
          <CanModifyIsSortableSettings>1</CanModifyIsSortableSettings>
          <IsDataSourceSecret>0</IsDataSourceSecret>
          <AutoNumberFormat></AutoNumberFormat>
          <IsSearchable>0</IsSearchable>
          <IsFilterable>0</IsFilterable>
          <IsRetrievable>0</IsRetrievable>
          <IsLocalizable>0</IsLocalizable>
          <MinValue>-922337203685477</MinValue>
          <MaxValue>922337203685477</MaxValue>
          <Accuracy>2</Accuracy>
          <AccuracySource>2</AccuracySource>
          <CalculationOf>p365i_TotalCost</CalculationOf>
          <displaynames>
            <displayname description="Total Cost (Base)" languagecode="1033" />
          </displaynames>
          <Descriptions>
            <Description description="Value of the Total Cost in base currency." languagecode="1033" />
          </Descriptions>
        </attribute>
        <attribute PhysicalName="p365i_UnitCost">
          <Type>money</Type>
          <Name>p365i_unitcost</Name>
          <LogicalName>p365i_unitcost</LogicalName>
          <RequiredLevel>none</RequiredLevel>
          <DisplayMask>ValidForAdvancedFind|ValidForForm|ValidForGrid</DisplayMask>
          <ImeMode>auto</ImeMode>
          <ValidForUpdateApi>1</ValidForUpdateApi>
          <ValidForReadApi>1</ValidForReadApi>
          <ValidForCreateApi>1</ValidForCreateApi>
          <IsCustomField>1</IsCustomField>
          <IsAuditEnabled>1</IsAuditEnabled>
          <IsSecured>0</IsSecured>
          <IntroducedVersion>1.0.0.0</IntroducedVersion>
          <IsCustomizable>1</IsCustomizable>
          <IsRenameable>1</IsRenameable>
          <CanModifySearchSettings>1</CanModifySearchSettings>
          <CanModifyRequirementLevelSettings>1</CanModifyRequirementLevelSettings>
          <CanModifyAdditionalSettings>1</CanModifyAdditionalSettings>
          <SourceType>0</SourceType>
          <IsGlobalFilterEnabled>0</IsGlobalFilterEnabled>
          <IsSortableEnabled>0</IsSortableEnabled>
          <CanModifyGlobalFilterSettings>1</CanModifyGlobalFilterSettings>
          <CanModifyIsSortableSettings>1</CanModifyIsSortableSettings>
          <IsDataSourceSecret>0</IsDataSourceSecret>
          <AutoNumberFormat></AutoNumberFormat>
          <IsSearchable>0</IsSearchable>
          <IsFilterable>0</IsFilterable>
          <IsRetrievable>0</IsRetrievable>
          <IsLocalizable>0</IsLocalizable>
          <MinValue>0</MinValue>
          <MaxValue>922337203685477</MaxValue>
          <Accuracy>2</Accuracy>
          <AccuracySource>2</AccuracySource>
          <displaynames>
            <displayname description="Unit Cost" languagecode="1033" />
          </displaynames>
          <Descriptions>
            <Description description="" languagecode="1033" />
          </Descriptions>
        </attribute>
        <attribute PhysicalName="p365i_unitcost_Base">
          <Type>money</Type>
          <Name>p365i_unitcost_base</Name>
          <LogicalName>p365i_unitcost_base</LogicalName>
          <RequiredLevel>none</RequiredLevel>
          <DisplayMask>ValidForAdvancedFind|ValidForForm|ValidForGrid</DisplayMask>
          <ImeMode>disabled</ImeMode>
          <ValidForUpdateApi>0</ValidForUpdateApi>
          <ValidForReadApi>1</ValidForReadApi>
          <ValidForCreateApi>0</ValidForCreateApi>
          <IsCustomField>1</IsCustomField>
          <IsAuditEnabled>1</IsAuditEnabled>
          <IsSecured>0</IsSecured>
          <IntroducedVersion>1.0.0.0</IntroducedVersion>
          <IsCustomizable>1</IsCustomizable>
          <IsRenameable>1</IsRenameable>
          <CanModifySearchSettings>1</CanModifySearchSettings>
          <CanModifyRequirementLevelSettings>1</CanModifyRequirementLevelSettings>
          <CanModifyAdditionalSettings>1</CanModifyAdditionalSettings>
          <SourceType>0</SourceType>
          <IsGlobalFilterEnabled>0</IsGlobalFilterEnabled>
          <IsSortableEnabled>0</IsSortableEnabled>
          <CanModifyGlobalFilterSettings>1</CanModifyGlobalFilterSettings>
          <CanModifyIsSortableSettings>1</CanModifyIsSortableSettings>
          <IsDataSourceSecret>0</IsDataSourceSecret>
          <AutoNumberFormat></AutoNumberFormat>
          <IsSearchable>0</IsSearchable>
          <IsFilterable>0</IsFilterable>
          <IsRetrievable>0</IsRetrievable>
          <IsLocalizable>0</IsLocalizable>
          <MinValue>-922337203685477</MinValue>
          <MaxValue>922337203685477</MaxValue>
          <Accuracy>2</Accuracy>
          <AccuracySource>2</AccuracySource>
          <CalculationOf>p365i_UnitCost</CalculationOf>
          <displaynames>
            <displayname description="Unit Cost (Base)" languagecode="1033" />
          </displaynames>
          <Descriptions>
            <Description description="Value of the Unit Cost in base currency." languagecode="1033" />
          </Descriptions>
        </attribute>
        <attribute PhysicalName="p365i_UnitCostLine">
          <Type>money</Type>
          <Name>p365i_unitcostline</Name>
          <LogicalName>p365i_unitcostline</LogicalName>
          <RequiredLevel>none</RequiredLevel>
          <DisplayMask>ValidForAdvancedFind|ValidForForm|ValidForGrid</DisplayMask>
          <ImeMode>auto</ImeMode>
          <ValidForUpdateApi>0</ValidForUpdateApi>
          <ValidForReadApi>1</ValidForReadApi>
          <ValidForCreateApi>0</ValidForCreateApi>
          <IsCustomField>1</IsCustomField>
          <IsAuditEnabled>0</IsAuditEnabled>
          <IsSecured>0</IsSecured>
          <IntroducedVersion>1.0.0.0</IntroducedVersion>
          <IsCustomizable>1</IsCustomizable>
          <IsRenameable>1</IsRenameable>
          <CanModifySearchSettings>1</CanModifySearchSettings>
          <CanModifyRequirementLevelSettings>1</CanModifyRequirementLevelSettings>
          <CanModifyAdditionalSettings>1</CanModifyAdditionalSettings>
          <SourceType>1</SourceType>
          <IsGlobalFilterEnabled>0</IsGlobalFilterEnabled>
          <IsSortableEnabled>0</IsSortableEnabled>
          <CanModifyGlobalFilterSettings>1</CanModifyGlobalFilterSettings>
          <CanModifyIsSortableSettings>1</CanModifyIsSortableSettings>
          <IsDataSourceSecret>0</IsDataSourceSecret>
          <AutoNumberFormat></AutoNumberFormat>
          <IsSearchable>0</IsSearchable>
          <IsFilterable>0</IsFilterable>
          <IsRetrievable>0</IsRetrievable>
          <IsLocalizable>0</IsLocalizable>
          <MinValue>-922337203685477</MinValue>
          <MaxValue>922337203685477</MaxValue>
          <Accuracy>2</Accuracy>
          <AccuracySource>2</AccuracySource>
          <displaynames>
            <displayname description="Unit Cost" languagecode="1033" />
          </displaynames>
          <Descriptions>
            <Description description="" languagecode="1033" />
          </Descriptions>
          <FormulaDefinitionFileName>/Formulas/p365i_opportunityproduct-p365i_unitcostline.xaml</FormulaDefinitionFileName>
        </attribute>
        <attribute PhysicalName="p365i_unitcostline_Base">
          <Type>money</Type>
          <Name>p365i_unitcostline_base</Name>
          <LogicalName>p365i_unitcostline_base</LogicalName>
          <RequiredLevel>none</RequiredLevel>
          <DisplayMask>ValidForAdvancedFind|ValidForForm|ValidForGrid</DisplayMask>
          <ImeMode>disabled</ImeMode>
          <ValidForUpdateApi>0</ValidForUpdateApi>
          <ValidForReadApi>1</ValidForReadApi>
          <ValidForCreateApi>0</ValidForCreateApi>
          <IsCustomField>1</IsCustomField>
          <IsAuditEnabled>0</IsAuditEnabled>
          <IsSecured>0</IsSecured>
          <IntroducedVersion>1.0.0.0</IntroducedVersion>
          <IsCustomizable>1</IsCustomizable>
          <IsRenameable>1</IsRenameable>
          <CanModifySearchSettings>1</CanModifySearchSettings>
          <CanModifyRequirementLevelSettings>1</CanModifyRequirementLevelSettings>
          <CanModifyAdditionalSettings>1</CanModifyAdditionalSettings>
          <SourceType>1</SourceType>
          <IsGlobalFilterEnabled>0</IsGlobalFilterEnabled>
          <IsSortableEnabled>0</IsSortableEnabled>
          <CanModifyGlobalFilterSettings>1</CanModifyGlobalFilterSettings>
          <CanModifyIsSortableSettings>1</CanModifyIsSortableSettings>
          <IsDataSourceSecret>0</IsDataSourceSecret>
          <AutoNumberFormat></AutoNumberFormat>
          <IsSearchable>0</IsSearchable>
          <IsFilterable>0</IsFilterable>
          <IsRetrievable>0</IsRetrievable>
          <IsLocalizable>0</IsLocalizable>
          <MinValue>-922337203685477</MinValue>
          <MaxValue>922337203685477</MaxValue>
          <Accuracy>2</Accuracy>
          <AccuracySource>2</AccuracySource>
          <CalculationOf>p365i_UnitCostLine</CalculationOf>
          <displaynames>
            <displayname description="Unit Cost (Base)" languagecode="1033" />
          </displaynames>
          <Descriptions>
            <Description description="Value of the Unit Cost in base currency." languagecode="1033" />
          </Descriptions>
        </attribute>
        <attribute PhysicalName="p365i_WriteInProduct">
          <Type>nvarchar</Type>
          <Name>p365i_writeinproduct</Name>
          <LogicalName>p365i_writeinproduct</LogicalName>
          <RequiredLevel>none</RequiredLevel>
          <DisplayMask>ValidForAdvancedFind|ValidForForm|ValidForGrid</DisplayMask>
          <ImeMode>auto</ImeMode>
          <ValidForUpdateApi>1</ValidForUpdateApi>
          <ValidForReadApi>1</ValidForReadApi>
          <ValidForCreateApi>1</ValidForCreateApi>
          <IsCustomField>1</IsCustomField>
          <IsAuditEnabled>1</IsAuditEnabled>
          <IsSecured>0</IsSecured>
          <IntroducedVersion>1.0</IntroducedVersion>
          <IsCustomizable>1</IsCustomizable>
          <IsRenameable>1</IsRenameable>
          <CanModifySearchSettings>1</CanModifySearchSettings>
          <CanModifyRequirementLevelSettings>1</CanModifyRequirementLevelSettings>
          <CanModifyAdditionalSettings>1</CanModifyAdditionalSettings>
          <SourceType>0</SourceType>
          <IsGlobalFilterEnabled>0</IsGlobalFilterEnabled>
          <IsSortableEnabled>0</IsSortableEnabled>
          <CanModifyGlobalFilterSettings>1</CanModifyGlobalFilterSettings>
          <CanModifyIsSortableSettings>1</CanModifyIsSortableSettings>
          <IsDataSourceSecret>0</IsDataSourceSecret>
          <AutoNumberFormat></AutoNumberFormat>
          <IsSearchable>0</IsSearchable>
          <IsFilterable>0</IsFilterable>
          <IsRetrievable>0</IsRetrievable>
          <IsLocalizable>0</IsLocalizable>
          <Format>text</Format>
          <MaxLength>100</MaxLength>
          <Length>200</Length>
          <displaynames>
            <displayname description="Write-In Product" languagecode="1033" />
          </displaynames>
          <Descriptions>
            <Description description="" languagecode="1033" />
          </Descriptions>
        </attribute>
        <attribute PhysicalName="statecode">
          <Type>state</Type>
          <Name>statecode</Name>
          <LogicalName>statecode</LogicalName>
          <RequiredLevel>systemrequired</RequiredLevel>
          <DisplayMask>ValidForAdvancedFind|ValidForForm|ValidForGrid</DisplayMask>
          <ImeMode>auto</ImeMode>
          <ValidForUpdateApi>1</ValidForUpdateApi>
          <ValidForReadApi>1</ValidForReadApi>
          <ValidForCreateApi>0</ValidForCreateApi>
          <IsCustomField>0</IsCustomField>
          <IsAuditEnabled>1</IsAuditEnabled>
          <IsSecured>0</IsSecured>
          <IntroducedVersion>1.0</IntroducedVersion>
          <IsCustomizable>1</IsCustomizable>
          <IsRenameable>1</IsRenameable>
          <CanModifySearchSettings>1</CanModifySearchSettings>
          <CanModifyRequirementLevelSettings>1</CanModifyRequirementLevelSettings>
          <CanModifyAdditionalSettings>1</CanModifyAdditionalSettings>
          <SourceType>0</SourceType>
          <IsGlobalFilterEnabled>0</IsGlobalFilterEnabled>
          <IsSortableEnabled>0</IsSortableEnabled>
          <CanModifyGlobalFilterSettings>1</CanModifyGlobalFilterSettings>
          <CanModifyIsSortableSettings>1</CanModifyIsSortableSettings>
          <IsDataSourceSecret>0</IsDataSourceSecret>
          <AutoNumberFormat></AutoNumberFormat>
          <IsSearchable>0</IsSearchable>
          <IsFilterable>1</IsFilterable>
          <IsRetrievable>0</IsRetrievable>
          <IsLocalizable>0</IsLocalizable>
          <optionset Name="p365i_opportunityproduct_statecode">
            <OptionSetType>state</OptionSetType>
            <IntroducedVersion>1.0</IntroducedVersion>
            <IsCustomizable>1</IsCustomizable>
            <displaynames>
              <displayname description="Status" languagecode="1033" />
            </displaynames>
            <Descriptions>
              <Description description="Status of the Opportunity Product" languagecode="1033" />
            </Descriptions>
            <states>
              <state value="0" defaultstatus="1" invariantname="Active">
                <labels>
                  <label description="Active" languagecode="1033" />
                </labels>
              </state>
              <state value="1" defaultstatus="2" invariantname="Inactive">
                <labels>
                  <label description="Inactive" languagecode="1033" />
                </labels>
              </state>
            </states>
          </optionset>
          <displaynames>
            <displayname description="Status" languagecode="1033" />
          </displaynames>
          <Descriptions>
            <Description description="Status of the Opportunity Product" languagecode="1033" />
          </Descriptions>
        </attribute>
        <attribute PhysicalName="statuscode">
          <Type>status</Type>
          <Name>statuscode</Name>
          <LogicalName>statuscode</LogicalName>
          <RequiredLevel>none</RequiredLevel>
          <DisplayMask>ValidForAdvancedFind|ValidForForm|ValidForGrid</DisplayMask>
          <ImeMode>auto</ImeMode>
          <ValidForUpdateApi>1</ValidForUpdateApi>
          <ValidForReadApi>1</ValidForReadApi>
          <ValidForCreateApi>1</ValidForCreateApi>
          <IsCustomField>0</IsCustomField>
          <IsAuditEnabled>1</IsAuditEnabled>
          <IsSecured>0</IsSecured>
          <IntroducedVersion>1.0</IntroducedVersion>
          <IsCustomizable>1</IsCustomizable>
          <IsRenameable>1</IsRenameable>
          <CanModifySearchSettings>1</CanModifySearchSettings>
          <CanModifyRequirementLevelSettings>1</CanModifyRequirementLevelSettings>
          <CanModifyAdditionalSettings>1</CanModifyAdditionalSettings>
          <SourceType>0</SourceType>
          <IsGlobalFilterEnabled>0</IsGlobalFilterEnabled>
          <IsSortableEnabled>0</IsSortableEnabled>
          <CanModifyGlobalFilterSettings>1</CanModifyGlobalFilterSettings>
          <CanModifyIsSortableSettings>1</CanModifyIsSortableSettings>
          <IsDataSourceSecret>0</IsDataSourceSecret>
          <AutoNumberFormat></AutoNumberFormat>
          <IsSearchable>0</IsSearchable>
          <IsFilterable>0</IsFilterable>
          <IsRetrievable>0</IsRetrievable>
          <IsLocalizable>0</IsLocalizable>
          <optionset Name="p365i_opportunityproduct_statuscode">
            <OptionSetType>status</OptionSetType>
            <IntroducedVersion>1.0</IntroducedVersion>
            <IsCustomizable>1</IsCustomizable>
            <displaynames>
              <displayname description="Status Reason" languagecode="1033" />
            </displaynames>
            <Descriptions>
              <Description description="Reason for the status of the Opportunity Product" languagecode="1033" />
            </Descriptions>
            <statuses>
              <status value="1" state="0">
                <labels>
                  <label description="Active" languagecode="1033" />
                </labels>
              </status>
              <status value="2" state="1">
                <labels>
                  <label description="Inactive" languagecode="1033" />
                </labels>
              </status>
            </statuses>
          </optionset>
          <displaynames>
            <displayname description="Status Reason" languagecode="1033" />
          </displaynames>
          <Descriptions>
            <Description description="Reason for the status of the Opportunity Product" languagecode="1033" />
          </Descriptions>
        </attribute>
        <attribute PhysicalName="TimeZoneRuleVersionNumber">
          <Type>int</Type>
          <Name>timezoneruleversionnumber</Name>
          <LogicalName>timezoneruleversionnumber</LogicalName>
          <RequiredLevel>none</RequiredLevel>
          <ImeMode>auto</ImeMode>
          <ValidForUpdateApi>1</ValidForUpdateApi>
          <ValidForReadApi>1</ValidForReadApi>
          <ValidForCreateApi>1</ValidForCreateApi>
          <IsCustomField>0</IsCustomField>
          <IsAuditEnabled>0</IsAuditEnabled>
          <IsSecured>0</IsSecured>
          <IntroducedVersion>1.0</IntroducedVersion>
          <IsCustomizable>1</IsCustomizable>
          <IsRenameable>1</IsRenameable>
          <CanModifySearchSettings>1</CanModifySearchSettings>
          <CanModifyRequirementLevelSettings>1</CanModifyRequirementLevelSettings>
          <CanModifyAdditionalSettings>1</CanModifyAdditionalSettings>
          <SourceType>0</SourceType>
          <IsGlobalFilterEnabled>0</IsGlobalFilterEnabled>
          <IsSortableEnabled>0</IsSortableEnabled>
          <CanModifyGlobalFilterSettings>1</CanModifyGlobalFilterSettings>
          <CanModifyIsSortableSettings>1</CanModifyIsSortableSettings>
          <IsDataSourceSecret>0</IsDataSourceSecret>
          <AutoNumberFormat></AutoNumberFormat>
          <IsSearchable>0</IsSearchable>
          <IsFilterable>0</IsFilterable>
          <IsRetrievable>0</IsRetrievable>
          <IsLocalizable>0</IsLocalizable>
          <Format></Format>
          <MinValue>-1</MinValue>
          <MaxValue>2147483647</MaxValue>
          <displaynames>
            <displayname description="Time Zone Rule Version Number" languagecode="1033" />
          </displaynames>
          <Descriptions>
            <Description description="For internal use only." languagecode="1033" />
          </Descriptions>
        </attribute>
        <attribute PhysicalName="TransactionCurrencyId">
          <Type>lookup</Type>
          <Name>transactioncurrencyid</Name>
          <LogicalName>transactioncurrencyid</LogicalName>
          <RequiredLevel>none</RequiredLevel>
          <DisplayMask>ValidForAdvancedFind|ValidForForm|ValidForGrid</DisplayMask>
          <ImeMode>auto</ImeMode>
          <ValidForUpdateApi>1</ValidForUpdateApi>
          <ValidForReadApi>1</ValidForReadApi>
          <ValidForCreateApi>1</ValidForCreateApi>
          <IsCustomField>0</IsCustomField>
          <IsAuditEnabled>1</IsAuditEnabled>
          <IsSecured>0</IsSecured>
          <IntroducedVersion>1.0.0.0</IntroducedVersion>
          <IsCustomizable>1</IsCustomizable>
          <IsRenameable>1</IsRenameable>
          <CanModifySearchSettings>1</CanModifySearchSettings>
          <CanModifyRequirementLevelSettings>1</CanModifyRequirementLevelSettings>
          <CanModifyAdditionalSettings>1</CanModifyAdditionalSettings>
          <SourceType>0</SourceType>
          <IsGlobalFilterEnabled>0</IsGlobalFilterEnabled>
          <IsSortableEnabled>0</IsSortableEnabled>
          <CanModifyGlobalFilterSettings>1</CanModifyGlobalFilterSettings>
          <CanModifyIsSortableSettings>1</CanModifyIsSortableSettings>
          <IsDataSourceSecret>0</IsDataSourceSecret>
          <AutoNumberFormat></AutoNumberFormat>
          <IsSearchable>0</IsSearchable>
          <IsFilterable>0</IsFilterable>
          <IsRetrievable>0</IsRetrievable>
          <IsLocalizable>0</IsLocalizable>
          <LookupStyle>single</LookupStyle>
          <LookupTypes />
          <displaynames>
            <displayname description="Currency" languagecode="1033" />
          </displaynames>
          <Descriptions>
            <Description description="Unique identifier of the currency associated with the entity." languagecode="1033" />
          </Descriptions>
        </attribute>
        <attribute PhysicalName="UTCConversionTimeZoneCode">
          <Type>int</Type>
          <Name>utcconversiontimezonecode</Name>
          <LogicalName>utcconversiontimezonecode</LogicalName>
          <RequiredLevel>none</RequiredLevel>
          <ImeMode>auto</ImeMode>
          <ValidForUpdateApi>1</ValidForUpdateApi>
          <ValidForReadApi>1</ValidForReadApi>
          <ValidForCreateApi>1</ValidForCreateApi>
          <IsCustomField>0</IsCustomField>
          <IsAuditEnabled>0</IsAuditEnabled>
          <IsSecured>0</IsSecured>
          <IntroducedVersion>1.0</IntroducedVersion>
          <IsCustomizable>1</IsCustomizable>
          <IsRenameable>1</IsRenameable>
          <CanModifySearchSettings>1</CanModifySearchSettings>
          <CanModifyRequirementLevelSettings>1</CanModifyRequirementLevelSettings>
          <CanModifyAdditionalSettings>1</CanModifyAdditionalSettings>
          <SourceType>0</SourceType>
          <IsGlobalFilterEnabled>0</IsGlobalFilterEnabled>
          <IsSortableEnabled>0</IsSortableEnabled>
          <CanModifyGlobalFilterSettings>1</CanModifyGlobalFilterSettings>
          <CanModifyIsSortableSettings>1</CanModifyIsSortableSettings>
          <IsDataSourceSecret>0</IsDataSourceSecret>
          <AutoNumberFormat></AutoNumberFormat>
          <IsSearchable>0</IsSearchable>
          <IsFilterable>0</IsFilterable>
          <IsRetrievable>0</IsRetrievable>
          <IsLocalizable>0</IsLocalizable>
          <Format></Format>
          <MinValue>-1</MinValue>
          <MaxValue>2147483647</MaxValue>
          <displaynames>
            <displayname description="UTC Conversion Time Zone Code" languagecode="1033" />
          </displaynames>
          <Descriptions>
            <Description description="Time zone code that was in use when the record was created." languagecode="1033" />
          </Descriptions>
        </attribute>
      </attributes>
      <EntitySetName>p365i_opportunityproducts</EntitySetName>
      <IsDuplicateCheckSupported>0</IsDuplicateCheckSupported>
      <IsBusinessProcessEnabled>0</IsBusinessProcessEnabled>
      <IsRequiredOffline>0</IsRequiredOffline>
      <IsInteractionCentricEnabled>0</IsInteractionCentricEnabled>
      <IsCollaboration>0</IsCollaboration>
      <AutoRouteToOwnerQueue>0</AutoRouteToOwnerQueue>
      <IsConnectionsEnabled>0</IsConnectionsEnabled>
      <IsDocumentManagementEnabled>0</IsDocumentManagementEnabled>
      <AutoCreateAccessTeams>0</AutoCreateAccessTeams>
      <IsOneNoteIntegrationEnabled>0</IsOneNoteIntegrationEnabled>
      <IsKnowledgeManagementEnabled>0</IsKnowledgeManagementEnabled>
      <IsSLAEnabled>0</IsSLAEnabled>
      <IsDocumentRecommendationsEnabled>0</IsDocumentRecommendationsEnabled>
      <IsBPFEntity>0</IsBPFEntity>
      <OwnershipTypeMask>UserOwned</OwnershipTypeMask>
      <IsAuditEnabled>0</IsAuditEnabled>
      <IsRetrieveAuditEnabled>0</IsRetrieveAuditEnabled>
      <IsRetrieveMultipleAuditEnabled>0</IsRetrieveMultipleAuditEnabled>
      <IsActivity>0</IsActivity>
      <ActivityTypeMask></ActivityTypeMask>
      <IsActivityParty>0</IsActivityParty>
      <IsReplicated>0</IsReplicated>
      <IsReplicationUserFiltered>0</IsReplicationUserFiltered>
      <IsMailMergeEnabled>0</IsMailMergeEnabled>
      <IsVisibleInMobile>0</IsVisibleInMobile>
      <IsVisibleInMobileClient>0</IsVisibleInMobileClient>
      <IsReadOnlyInMobileClient>0</IsReadOnlyInMobileClient>
      <IsOfflineInMobileClient>0</IsOfflineInMobileClient>
      <DaysSinceRecordLastModified>0</DaysSinceRecordLastModified>
      <MobileOfflineFilters></MobileOfflineFilters>
      <IsMapiGridEnabled>1</IsMapiGridEnabled>
      <IsReadingPaneEnabled>1</IsReadingPaneEnabled>
      <IsQuickCreateEnabled>1</IsQuickCreateEnabled>
      <SyncToExternalSearchIndex>0</SyncToExternalSearchIndex>
      <IntroducedVersion>1.0</IntroducedVersion>
      <IsCustomizable>1</IsCustomizable>
      <IsRenameable>1</IsRenameable>
      <IsMappable>1</IsMappable>
      <CanModifyAuditSettings>1</CanModifyAuditSettings>
      <CanModifyMobileVisibility>1</CanModifyMobileVisibility>
      <CanModifyMobileClientVisibility>1</CanModifyMobileClientVisibility>
      <CanModifyMobileClientReadOnly>1</CanModifyMobileClientReadOnly>
      <CanModifyMobileClientOffline>1</CanModifyMobileClientOffline>
      <CanModifyConnectionSettings>1</CanModifyConnectionSettings>
      <CanModifyDuplicateDetectionSettings>1</CanModifyDuplicateDetectionSettings>
      <CanModifyMailMergeSettings>1</CanModifyMailMergeSettings>
      <CanModifyQueueSettings>1</CanModifyQueueSettings>
      <CanCreateAttributes>1</CanCreateAttributes>
      <CanCreateForms>1</CanCreateForms>
      <CanCreateCharts>1</CanCreateCharts>
      <CanCreateViews>1</CanCreateViews>
      <CanModifyAdditionalSettings>1</CanModifyAdditionalSettings>
      <CanEnableSyncToExternalSearchIndex>1</CanEnableSyncToExternalSearchIndex>
      <EnforceStateTransitions>0</EnforceStateTransitions>
      <CanChangeHierarchicalRelationship>1</CanChangeHierarchicalRelationship>
      <EntityHelpUrlEnabled>0</EntityHelpUrlEnabled>
      <ChangeTrackingEnabled>0</ChangeTrackingEnabled>
      <CanChangeTrackingBeEnabled>1</CanChangeTrackingBeEnabled>
      <IsEnabledForExternalChannels>0</IsEnabledForExternalChannels>
      <IsMSTeamsIntegrationEnabled>0</IsMSTeamsIntegrationEnabled>
      <IsSolutionAware>0</IsSolutionAware>
    </entity>
  </EntityInfo>
  <FormXml />
  <SavedQueries />
  <RibbonDiffXml />
</Entity>