﻿<?xml version="1.0" encoding="utf-8"?>
<RibbonDiffXml xmlns:xsi="http://www.w3.org/2001/XMLSchema-instance">
  <CustomActions>
    <HideCustomAction HideActionId="p365i.Mscrm.Form.p365i_opportunityproduct.Activate.Hide" Location="Mscrm.Form.p365i_opportunityproduct.Activate" />
    <HideCustomAction HideActionId="p365i.Mscrm.Form.p365i_opportunityproduct.Deactivate.Hide" Location="Mscrm.Form.p365i_opportunityproduct.Deactivate" />
    <HideCustomAction HideActionId="p365i.Mscrm.HomepageGrid.p365i_opportunityproduct.Activate.Hide" Location="Mscrm.HomepageGrid.p365i_opportunityproduct.Activate" />
    <HideCustomAction HideActionId="p365i.Mscrm.HomepageGrid.p365i_opportunityproduct.Deactivate.Hide" Location="Mscrm.HomepageGrid.p365i_opportunityproduct.Deactivate" />
    <HideCustomAction HideActionId="p365i.Mscrm.SubGrid.p365i_opportunityproduct.Activate.Hide" Location="Mscrm.SubGrid.p365i_opportunityproduct.Activate" />
    <HideCustomAction HideActionId="p365i.Mscrm.SubGrid.p365i_opportunityproduct.Deactivate.Hide" Location="Mscrm.SubGrid.p365i_opportunityproduct.Deactivate" />
    <HideCustomAction HideActionId="p365i.Mscrm.SubGrid.p365i_opportunityproduct.Remove.Hide" Location="Mscrm.SubGrid.p365i_opportunityproduct.Remove" />
  </CustomActions>
  <Templates>
    <RibbonTemplates Id="Mscrm.Templates"></RibbonTemplates>
  </Templates>
  <CommandDefinitions />
  <RuleDefinitions>
    <TabDisplayRules />
    <DisplayRules />
    <EnableRules />
  </RuleDefinitions>
  <LocLabels />
</RibbonDiffXml>