<appaction uniquename="p365i__Win!c4ee234944e546a4bceb4c90990c8ad8!p365i_SalesCenter!p365i_opportunity!0">
  <appmoduleid>
    <uniquename>p365i_SalesCenter</uniquename>
  </appmoduleid>
  <buttonlabeltext default="Won">
    <label description="Won" languagecode="1033" />
  </buttonlabeltext>
  <context>1</context>
  <contextentity>
    <logicalname>p365i_opportunity</logicalname>
  </contextentity>
  <contextvalue>p365i_opportunity</contextvalue>
  <fonticon>$clientsvg:Ribbon</fonticon>
  <hidden>0</hidden>
  <iscustomizable>1</iscustomizable>
  <isdisabled>0</isdisabled>
  <isgrouptitlehidden>0</isgrouptitlehidden>
  <location>0</location>
  <name>Win!c4ee234944e546a4bceb4c90990c8ad8</name>
  <onclickeventjavascriptfunctionname>P365I_CRM.Ribbon.Opportunity.CloseOpportunity</onclickeventjavascriptfunctionname>
  <onclickeventjavascriptparameters>[{"type":5},{"type":21,"value":"p365i_closeopportunity_48e00"},{"type":21,"value":"win"}]</onclickeventjavascriptparameters>
  <onclickeventjavascriptwebresourceid>
    <webresourceid>18f5c7ba-cf7b-ee11-8179-00224841f5ce</webresourceid>
  </onclickeventjavascriptwebresourceid>
  <onclickeventtype>2</onclickeventtype>
  <origin>0</origin>
  <sequence>100100049.6250000000</sequence>
  <statecode>0</statecode>
  <statuscode>1</statuscode>
  <type>0</type>
  <visibilityformulacomponentlibraryid>
    <name>p365i_salescenterdefaultcommandlibrary_48e14</name>
  </visibilityformulacomponentlibraryid>
  <visibilityformulacomponentname>33a115f94c7e446d8fa51e55d08f116b</visibilityformulacomponentname>
  <visibilityformulafunctionname>Visible</visibilityformulafunctionname>
  <visibilitytype>1</visibilitytype>
</appaction>