﻿<?xml version="1.0" encoding="utf-8"?>
<optionset Name="p365i_prospectsource" localizedName="Prospect Source" xmlns:xsi="http://www.w3.org/2001/XMLSchema-instance">
  <OptionSetType>picklist</OptionSetType>
  <IsGlobal>1</IsGlobal>
  <IntroducedVersion>1.0.0.0</IntroducedVersion>
  <IsCustomizable>1</IsCustomizable>
  <ExternalTypeName></ExternalTypeName>
  <displaynames>
    <displayname description="Prospect Source" languagecode="1033" />
  </displaynames>
  <options>
    <option value="446310000" ExternalValue="">
      <labels>
        <label description="Advertisement" languagecode="1033" />
      </labels>
      <Descriptions>
        <Description description="" languagecode="1033" />
      </Descriptions>
    </option>
    <option value="446310001" ExternalValue="">
      <labels>
        <label description="Employee Referral" languagecode="1033" />
      </labels>
      <Descriptions>
        <Description description="" languagecode="1033" />
      </Descriptions>
    </option>
    <option value="446310002" ExternalValue="">
      <labels>
        <label description="External Referral" languagecode="1033" />
      </labels>
      <Descriptions>
        <Description description="" languagecode="1033" />
      </Descriptions>
    </option>
    <option value="446310003" ExternalValue="">
      <labels>
        <label description="Partner" languagecode="1033" />
      </labels>
      <Descriptions>
        <Description description="" languagecode="1033" />
      </Descriptions>
    </option>
    <option value="446310004" ExternalValue="">
      <labels>
        <label description="Public Relations" languagecode="1033" />
      </labels>
      <Descriptions>
        <Description description="" languagecode="1033" />
      </Descriptions>
    </option>
    <option value="446310005" ExternalValue="">
      <labels>
        <label description="Event" languagecode="1033" />
      </labels>
      <Descriptions>
        <Description description="" languagecode="1033" />
      </Descriptions>
    </option>
    <option value="446310006" ExternalValue="">
      <labels>
        <label description="Web" languagecode="1033" />
      </labels>
      <Descriptions>
        <Description description="" languagecode="1033" />
      </Descriptions>
    </option>
    <option value="446310007" ExternalValue="">
      <labels>
        <label description="Word of Mouth" languagecode="1033" />
      </labels>
      <Descriptions>
        <Description description="" languagecode="1033" />
      </Descriptions>
    </option>
    <option value="446310008" ExternalValue="">
      <labels>
        <label description="Other" languagecode="1033" />
      </labels>
      <Descriptions>
        <Description description="" languagecode="1033" />
      </Descriptions>
    </option>
  </options>
</optionset>