﻿<?xml version="1.0" encoding="utf-8"?>
<savedqueries xmlns:xsi="http://www.w3.org/2001/XMLSchema-instance">
  <savedquery>
    <IsCustomizable>1</IsCustomizable>
    <CanBeDeleted>0</CanBeDeleted>
    <isquickfindquery>0</isquickfindquery>
    <isprivate>0</isprivate>
    <isdefault>1</isdefault>
    <savedqueryid>{38a97c78-b0db-4683-8ecc-e984ccb61079}</savedqueryid>
    <layoutxml>
      <grid name="p365i_pricelists" jump="p365i_name" select="1" icon="1" preview="0">
        <row name="p365i_pricelist" id="p365i_pricelistid">
          <cell name="p365i_name" width="300" />
          <cell name="createdon" width="125" />
        </row>
      </grid>
    </layoutxml>
    <querytype>64</querytype>
    <fetchxml>
      <fetch version="1.0" mapping="logical">
        <entity name="p365i_pricelist">
          <attribute name="p365i_pricelistid" />
          <attribute name="p365i_name" />
          <attribute name="createdon" />
          <filter type="and">
            <condition attribute="statecode" operator="eq" value="0" />
          </filter>
        </entity>
      </fetch>
    </fetchxml>
    <IntroducedVersion>1.0</IntroducedVersion>
    <LocalizedNames>
      <LocalizedName description="Price List Lookup View" languagecode="1033" />
    </LocalizedNames>
  </savedquery>
</savedqueries>