﻿<?xml version="1.0" encoding="utf-8"?>
<savedqueries xmlns:xsi="http://www.w3.org/2001/XMLSchema-instance">
  <savedquery>
    <IsCustomizable>1</IsCustomizable>
    <CanBeDeleted>0</CanBeDeleted>
    <isquickfindquery>0</isquickfindquery>
    <isprivate>0</isprivate>
    <isdefault>1</isdefault>
    <savedqueryid>{e93685ce-8c1e-414a-b359-2b7cc7e09dfe}</savedqueryid>
    <layoutxml>
      <grid name="resultset" jump="p365i_name" select="1" icon="1" preview="1">
        <row name="result" id="p365i_pricelistid">
          <cell name="p365i_name" width="300" />
          <cell name="createdon" width="125" />
        </row>
      </grid>
    </layoutxml>
    <querytype>1</querytype>
    <fetchxml>
      <fetch version="1.0" mapping="logical">
        <entity name="p365i_pricelist">
          <attribute name="p365i_pricelistid" />
          <attribute name="p365i_name" />
          <attribute name="createdon" />
          <order attribute="p365i_name" descending="false" />
        </entity>
      </fetch>
    </fetchxml>
    <IntroducedVersion>1.0</IntroducedVersion>
    <LocalizedNames>
      <LocalizedName description="Price List Advanced Find View" languagecode="1033" />
    </LocalizedNames>
  </savedquery>
</savedqueries>