<customapiresponseproperty uniquename="QualifyProspect_resultMessage">
  <description default="QualifyProspect_resultMessage">
    <label description="QualifyProspect_resultMessage" languagecode="1033" />
  </description>
  <displayname default="QualifyProspect_resultMessage">
    <label description="QualifyProspect_resultMessage" languagecode="1033" />
  </displayname>
  <iscustomizable>1</iscustomizable>
  <name>QualifyProspect_resultMessage</name>
  <type>10</type>
</customapiresponseproperty>