﻿<?xml version="1.0" encoding="utf-8"?>
<AppModuleSiteMap xmlns:xsi="http://www.w3.org/2001/XMLSchema-instance">
  <SiteMapUniqueName>p365i_SalesCenter</SiteMapUniqueName>
  <EnableCollapsibleGroups>False</EnableCollapsibleGroups>
  <ShowHome>True</ShowHome>
  <ShowPinned>True</ShowPinned>
  <ShowRecents>True</ShowRecents>
  <SiteMap IntroducedVersion="7.0.0.0">
    <Area Id="p365i_salesarea" ResourceId="SitemapDesigner.NewTitle" DescriptionResourceId="SitemapDesigner.NewTitle" ShowGroups="true" IntroducedVersion="7.0.0.0">
      <Titles>
        <Title LCID="1033" Title="Sales" />
      </Titles>
      <Group Id="group_mywork" ResourceId="SitemapDesigner.NewGroup" DescriptionResourceId="SitemapDesigner.NewGroup" IntroducedVersion="7.0.0.0" IsProfile="false" ToolTipResourseId="SitemapDesigner.Unknown">
        <Titles>
          <Title LCID="1033" Title="My Work" />
        </Titles>
        <SubArea Id="subarea_adfc72d9" DescriptionResourceId="Dashboards_Description" Icon="/_imgs/imagestrips/transparent_spacer.gif" Url="/workplace/home_dashboards.aspx" DefaultDashboard="bc5c2150-fdc8-ee11-9079-00224841f5ce" Client="All,Outlook,OutlookLaptopClient,OutlookWorkstationClient,Web" AvailableOffline="true" PassParams="false" Sku="All,OnPremise,Live,SPLA" ToolTipResourseId="DashboardTooltip">
          <Titles>
            <Title LCID="1033" Title="Dashboards" />
          </Titles>
        </SubArea>
        <SubArea Id="subarea_0353de44" Icon="/_imgs/imagestrips/transparent_spacer.gif" Entity="activitypointer" Client="All,Outlook,OutlookLaptopClient,OutlookWorkstationClient,Web" AvailableOffline="true" PassParams="false" Sku="All,OnPremise,Live,SPLA" />
      </Group>
      <Group Id="group_customers" ResourceId="SitemapDesigner.NewGroup" DescriptionResourceId="SitemapDesigner.NewGroup" IntroducedVersion="7.0.0.0" IsProfile="false" ToolTipResourseId="SitemapDesigner.Unknown">
        <Titles>
          <Title LCID="1033" Title="Customers" />
        </Titles>
        <SubArea Id="subarea_0a68cfb3" Icon="/_imgs/imagestrips/transparent_spacer.gif" Entity="account" Client="All,Outlook,OutlookLaptopClient,OutlookWorkstationClient,Web" AvailableOffline="true" PassParams="false" Sku="All,OnPremise,Live,SPLA" />
        <SubArea Id="subarea_57a6061c" Icon="/_imgs/imagestrips/transparent_spacer.gif" Entity="contact" Client="All,Outlook,OutlookLaptopClient,OutlookWorkstationClient,Web" AvailableOffline="true" PassParams="false" Sku="All,OnPremise,Live,SPLA" />
      </Group>
      <Group Id="group_sales" ResourceId="SitemapDesigner.NewGroup" DescriptionResourceId="SitemapDesigner.NewGroup" IntroducedVersion="7.0.0.0" IsProfile="false" ToolTipResourseId="SitemapDesigner.Unknown">
        <Titles>
          <Title LCID="1033" Title="Sales" />
        </Titles>
        <SubArea Id="subarea_2614a493" Icon="/_imgs/imagestrips/transparent_spacer.gif" Entity="p365i_prospect" Client="All,Outlook,OutlookLaptopClient,OutlookWorkstationClient,Web" AvailableOffline="true" PassParams="false" Sku="All,OnPremise,Live,SPLA" />
        <SubArea Id="subarea_fcbab953" Icon="/_imgs/imagestrips/transparent_spacer.gif" Entity="p365i_opportunity" Client="All,Outlook,OutlookLaptopClient,OutlookWorkstationClient,Web" AvailableOffline="true" PassParams="false" Sku="All,OnPremise,Live,SPLA" />
        <SubArea Id="subarea_c9f56053" Icon="/_imgs/imagestrips/transparent_spacer.gif" Entity="p365i_quote" Client="All,Outlook,OutlookLaptopClient,OutlookWorkstationClient,Web" AvailableOffline="true" PassParams="false" Sku="All,OnPremise,Live,SPLA" />
      </Group>
    </Area>
    <Area Id="p365i_settingsarea" ResourceId="SitemapDesigner.NewTitle" DescriptionResourceId="SitemapDesigner.NewTitle" ShowGroups="true" IntroducedVersion="7.0.0.0">
      <Titles>
        <Title LCID="1033" Title="Settings" />
      </Titles>
      <Group Id="group_a1fec2dc" ResourceId="SitemapDesigner.NewGroup" DescriptionResourceId="SitemapDesigner.NewGroup" IntroducedVersion="7.0.0.0" IsProfile="false" ToolTipResourseId="SitemapDesigner.Unknown">
        <Titles>
          <Title LCID="1033" Title="Products" />
        </Titles>
        <SubArea Id="subarea_80ed9e4d" Icon="/_imgs/imagestrips/transparent_spacer.gif" Entity="p365i_product" Client="All,Outlook,OutlookLaptopClient,OutlookWorkstationClient,Web" AvailableOffline="true" PassParams="false" Sku="All,OnPremise,Live,SPLA">
          <Titles>
            <Title LCID="1033" Title="Products Catalog" />
          </Titles>
        </SubArea>
        <SubArea Id="subarea_60309507" Icon="/_imgs/imagestrips/transparent_spacer.gif" Entity="p365i_pricelist" Client="All,Outlook,OutlookLaptopClient,OutlookWorkstationClient,Web" AvailableOffline="true" PassParams="false" Sku="All,OnPremise,Live,SPLA" />
        <SubArea Id="subarea_2045e853" Icon="/_imgs/imagestrips/transparent_spacer.gif" Entity="p365i_salesunit" Client="All,Outlook,OutlookLaptopClient,OutlookWorkstationClient,Web" AvailableOffline="true" PassParams="false" Sku="All,OnPremise,Live,SPLA" />
      </Group>
    </Area>
  </SiteMap>
  <LocalizedNames>
    <LocalizedName description="Sales Center" languagecode="1033" />
  </LocalizedNames>
</AppModuleSiteMap>