﻿<?xml version="1.0" encoding="utf-8"?>
<forms xmlns:xsi="http://www.w3.org/2001/XMLSchema-instance">
  <systemform>
    <formid>{92921e5f-9795-407e-9761-f4fb059790a0}</formid>
    <IntroducedVersion>1.0</IntroducedVersion>
    <FormPresentation>1</FormPresentation>
    <FormActivationState>1</FormActivationState>
    <form>
      <tabs>
        <tab verticallayout="true" id="{bfcb2f26-5adf-4226-86db-7ffa02506e1f}" IsUserDefined="1">
          <labels>
            <label description="" languagecode="1033" />
          </labels>
          <columns>
            <column width="100%">
              <sections>
                <section showlabel="false" showbar="false" IsUserDefined="0" id="{92a0c469-bca7-4f4c-81c6-603d92bd2785}">
                  <labels>
                    <label description="GENERAL" languagecode="1033" />
                  </labels>
                  <rows>
                    <row>
                      <cell id="{4f563423-cbf2-4ef2-901e-c526d12d27e4}">
                        <labels>
                          <label description="" languagecode="1033" />
                        </labels>
                        <control id="p365i_name" classid="{4273EDBD-AC1D-40d3-9FB2-095C621B552D}" datafieldname="p365i_name" />
                      </cell>
                    </row>
                    <row>
                      <cell id="{9d431d0d-aea8-4e12-8797-795a752f5d01}">
                        <labels>
                          <label description="" languagecode="1033" />
                        </labels>
                        <control id="ownerid" classid="{270BD3DB-D9AF-4782-9025-509E298DEC0A}" datafieldname="ownerid" />
                      </cell>
                    </row>
                  </rows>
                </section>
              </sections>
            </column>
          </columns>
        </tab>
      </tabs>
    </form>
    <IsCustomizable>1</IsCustomizable>
    <CanBeDeleted>1</CanBeDeleted>
    <LocalizedNames>
      <LocalizedName description="Information" languagecode="1033" />
    </LocalizedNames>
  </systemform>
</forms>