﻿<?xml version="1.0" encoding="utf-8"?>
<forms xmlns:xsi="http://www.w3.org/2001/XMLSchema-instance">
  <systemform>
    <formid>{3483d1b6-468a-4e0c-b8af-0df0e1a8ec96}</formid>
    <IntroducedVersion>1.0</IntroducedVersion>
    <FormPresentation>1</FormPresentation>
    <FormActivationState>1</FormActivationState>
    <form>
      <tabs>
        <tab verticallayout="true" id="{a19d1920-3a6c-47f3-a1e5-b3184b48a8fb}" IsUserDefined="1">
          <labels>
            <label description="" languagecode="1033" />
          </labels>
          <columns>
            <column width="100%">
              <sections>
                <section showlabel="false" showbar="false" IsUserDefined="0" id="{79c90247-f432-4273-a71b-94fa2361775e}">
                  <labels>
                    <label description="GENERAL" languagecode="1033" />
                  </labels>
                  <rows>
                    <row>
                      <cell id="{23563cdb-ab1f-4aad-afe9-0de478b15877}">
                        <labels>
                          <label description="Product" languagecode="1033" />
                        </labels>
                        <control id="p365i_product" classid="{4273EDBD-AC1D-40d3-9FB2-095C621B552D}" datafieldname="p365i_product" />
                      </cell>
                    </row>
                    <row>
                      <cell id="{571cf1b7-7971-4b43-b374-0ff760a1f4a3}">
                        <labels>
                          <label description="Owner" languagecode="1033" />
                        </labels>
                        <control id="ownerid" classid="{270BD3DB-D9AF-4782-9025-509E298DEC0A}" datafieldname="ownerid" />
                      </cell>
                    </row>
                  </rows>
                </section>
              </sections>
            </column>
          </columns>
        </tab>
      </tabs>
    </form>
    <IsCustomizable>1</IsCustomizable>
    <CanBeDeleted>1</CanBeDeleted>
    <LocalizedNames>
      <LocalizedName description="Information" languagecode="1033" />
    </LocalizedNames>
  </systemform>
</forms>