﻿<?xml version="1.0" encoding="utf-8"?>
<savedqueries xmlns:xsi="http://www.w3.org/2001/XMLSchema-instance">
  <savedquery>
    <IsCustomizable>1</IsCustomizable>
    <CanBeDeleted>0</CanBeDeleted>
    <isquickfindquery>1</isquickfindquery>
    <isprivate>0</isprivate>
    <isdefault>1</isdefault>
    <savedqueryid>{3ab50d92-1d62-4b65-8988-c2ff080cab17}</savedqueryid>
    <layoutxml>
      <grid name="resultset" jump="p365i_name" select="1" icon="1" preview="1">
        <row name="result" id="p365i_actionplanid">
          <cell name="p365i_name" width="300" />
          <cell name="createdon" width="125" />
        </row>
      </grid>
    </layoutxml>
    <querytype>4</querytype>
    <fetchxml>
      <fetch version="1.0" mapping="logical">
        <entity name="p365i_actionplan">
          <attribute name="p365i_actionplanid" />
          <attribute name="p365i_name" />
          <attribute name="createdon" />
          <order attribute="p365i_name" descending="false" />
          <filter type="and">
            <condition attribute="statecode" operator="eq" value="0" />
          </filter>
          <filter type="or" isquickfindfields="1">
            <condition attribute="p365i_name" operator="like" value="{0}" />
          </filter>
        </entity>
      </fetch>
    </fetchxml>
    <IntroducedVersion>1.0</IntroducedVersion>
    <LocalizedNames>
      <LocalizedName description="Quick Find Active Action Plans" languagecode="1033" />
    </LocalizedNames>
  </savedquery>
</savedqueries>