﻿<?xml version="1.0" encoding="utf-8"?>
<forms xmlns:xsi="http://www.w3.org/2001/XMLSchema-instance">
  <systemform>
    <formid>{b0a8d38b-c6a5-4655-8e32-71606335710e}</formid>
    <IntroducedVersion>1.0</IntroducedVersion>
    <FormPresentation>1</FormPresentation>
    <FormActivationState>1</FormActivationState>
    <form headerdensity="HighWithControls">
      <tabs>
        <tab verticallayout="true" id="{a3df7397-5889-42cf-a792-1c8fdd346f40}" IsUserDefined="1" name="General">
          <labels>
            <label description="General" languagecode="1033" />
          </labels>
          <columns>
            <column width="25%">
              <sections>
                <section showlabel="false" showbar="false" IsUserDefined="0" id="{2ed4f332-dd23-43b6-986d-db9ae87bc877}">
                  <labels>
                    <label description="General" languagecode="1033" />
                  </labels>
                  <rows>
                    <row>
                      <cell id="{a2a3249f-e50f-45e5-9f4f-2ce068a3325a}">
                        <labels>
                          <label description="Name" languagecode="1033" />
                        </labels>
                        <control id="p365i_name" classid="{4273EDBD-AC1D-40d3-9FB2-095C621B552D}" datafieldname="p365i_name" />
                      </cell>
                    </row>
                    <row>
                      <cell id="{bcf25fa0-518e-4fc5-a730-7bee9f906796}" locklevel="0" colspan="1" rowspan="1">
                        <labels>
                          <label description="Description" languagecode="1033" />
                        </labels>
                        <control id="p365i_description" classid="{E0DECE4B-6FC8-4A8F-A065-082708572369}" datafieldname="p365i_description" disabled="false" />
                      </cell>
                    </row>
                    <row>
                      <cell id="{8024a114-fd07-4810-915d-822c53ec31c5}" locklevel="0" colspan="1" rowspan="1">
                        <labels>
                          <label description="Owner" languagecode="1033" />
                        </labels>
                        <control id="ownerid" classid="{270BD3DB-D9AF-4782-9025-509E298DEC0A}" datafieldname="ownerid" disabled="false" />
                      </cell>
                    </row>
                  </rows>
                </section>
              </sections>
            </column>
            <column width="50%">
              <sections>
                <section name="_section_232" id="af336639-ad39-47f0-9bab-af7d01f323a0" IsUserDefined="0" locklevel="0" showlabel="false" showbar="false" layout="varwidth" celllabelalignment="Left" celllabelposition="Left" columns="1" labelwidth="115">
                  <labels>
                    <label description="New Section" languagecode="1033" />
                  </labels>
                  <rows>
                    <row />
                    <row>
                      <cell id="{973c9ca1-553e-4254-8e4e-ee747c4c766a}" locklevel="0" colspan="1" rowspan="1">
                        <labels>
                          <label description="Currency" languagecode="1033" />
                        </labels>
                        <control id="p365i_currency" classid="{270BD3DB-D9AF-4782-9025-509E298DEC0A}" datafieldname="p365i_currency" disabled="false" />
                      </cell>
                    </row>
                  </rows>
                </section>
                <section name="null_section_4" id="f62ef7a7-4971-4a19-aea1-30a2fb12064e" IsUserDefined="0" locklevel="0" showlabel="false" showbar="false" layout="varwidth" celllabelalignment="Left" celllabelposition="Left" columns="1" labelwidth="115">
                  <labels>
                    <label description="New Section" languagecode="1033" />
                  </labels>
                  <rows>
                    <row />
                    <row>
                      <cell locklevel="0" id="{4c38a8c9-8bce-4a6a-a10f-5df0f95127f5}" rowspan="4" colspan="1" auto="false">
                        <labels>
                          <label description="List Items" languagecode="1033" />
                        </labels>
                        <control indicationOfSubgrid="true" id="Subgrid_new_1" classid="{E7A81278-8635-4D9E-8D4D-59480B391C5B}">
                          <parameters>
                            <RecordsPerPage>4</RecordsPerPage>
                            <AutoExpand>Fixed</AutoExpand>
                            <EnableQuickFind>false</EnableQuickFind>
                            <EnableViewPicker>false</EnableViewPicker>
                            <EnableChartPicker>true</EnableChartPicker>
                            <ChartGridMode>All</ChartGridMode>
                            <TargetEntityType>p365i_listitem</TargetEntityType>
                            <ViewId>{D7E0BF1F-FD68-EE11-9AE7-00224841F5CE}</ViewId>
                            <ViewIds>{8C251133-01F7-4AC4-9CD4-AA2D935794EE},{D7E0BF1F-FD68-EE11-9AE7-00224841F5CE}</ViewIds>
                            <RelationshipName>p365i_p365i_listitem_PriceList_p365i_pricelist</RelationshipName>
                          </parameters>
                        </control>
                      </cell>
                    </row>
                    <row />
                    <row />
                    <row />
                  </rows>
                </section>
              </sections>
            </column>
          </columns>
        </tab>
      </tabs>
      <header id="{6afe8c29-a5e6-4654-9508-6133ea2e2fea}" celllabelposition="Top" columns="111" labelwidth="115" celllabelalignment="Left">
        <rows>
          <row>
            <cell id="{2c30bd29-d32c-43c4-bd59-50e665e7588e}" showlabel="false">
              <labels>
                <label description="" languagecode="1033" />
              </labels>
            </cell>
            <cell id="{b223624f-2047-44de-a625-868d0735966a}" showlabel="false">
              <labels>
                <label description="" languagecode="1033" />
              </labels>
            </cell>
            <cell id="{3118d1a0-3057-43c1-8b7c-d639760a2ab4}" showlabel="false">
              <labels>
                <label description="" languagecode="1033" />
              </labels>
            </cell>
          </row>
        </rows>
      </header>
      <footer id="{26fc3544-5166-4abd-ba04-371dd72e3bdd}" celllabelposition="Top" columns="111" labelwidth="115" celllabelalignment="Left">
        <rows>
          <row>
            <cell id="{e50a40af-b468-4368-9ddf-10aa17e4a531}" showlabel="false">
              <labels>
                <label description="" languagecode="1033" />
              </labels>
            </cell>
            <cell id="{ca3abea7-1a50-44df-8ce0-63885db38282}" showlabel="false">
              <labels>
                <label description="" languagecode="1033" />
              </labels>
            </cell>
            <cell id="{8cde598a-9b86-4123-bfca-de2a230a07da}" showlabel="false">
              <labels>
                <label description="" languagecode="1033" />
              </labels>
            </cell>
          </row>
        </rows>
      </footer>
      <DisplayConditions Order="0" FallbackForm="true">
        <Everyone />
      </DisplayConditions>
      <Navigation>
        <NavBar></NavBar>
      </Navigation>
    </form>
    <IsCustomizable>1</IsCustomizable>
    <CanBeDeleted>1</CanBeDeleted>
    <LocalizedNames>
      <LocalizedName description="Information" languagecode="1033" />
    </LocalizedNames>
    <Descriptions>
      <Description description="A form for this entity." languagecode="1033" />
    </Descriptions>
  </systemform>
</forms>