﻿<?xml version="1.0" encoding="utf-8"?>
<forms xmlns:xsi="http://www.w3.org/2001/XMLSchema-instance">
  <systemform>
    <formid>{db436d74-fc68-ee11-9ae7-00224841f369}</formid>
    <IntroducedVersion>1.0.0.0</IntroducedVersion>
    <FormPresentation>1</FormPresentation>
    <FormActivationState>1</FormActivationState>
    <form>
      <tabs>
        <tab id="F931FFE2-B873-473F-8F95-9502F0AA3F5E" name="tab_1" showlabel="false" labelid="{d563233a-a52d-4b3f-9741-df0d9ca4d5ce}">
          <labels>
            <label description="New Tab" languagecode="1033" />
          </labels>
          <columns>
            <column width="34%">
              <sections>
                <section id="0C655D4E-C6E3-424E-9AF5-71E72D30D12E" name="tab_1_column_1_section_1" columns="1" showlabel="false" showbar="false" IsUserDefined="0" labelwidth="130" labelid="{9d472388-f1fc-4674-bad3-ad3b5ee15ec4}">
                  <labels>
                    <label description="New Section" languagecode="1033" />
                  </labels>
                  <rows>
                    <row>
                      <cell id="542FBFBE-0E4C-496C-8012-555DE6581923" labelid="{459e65f3-16cc-45b1-ab20-06895817ad06}">
                        <labels>
                          <label description="" languagecode="1033" />
                        </labels>
                      </cell>
                    </row>
                    <row>
                      <cell id="{6c7f54b3-7fae-4387-b8f0-d6779443b4bb}" locklevel="0" colspan="1" rowspan="1" labelid="{7e94a2c5-dd83-4bff-85b9-3b4f7704ea35}">
                        <labels>
                          <label description="Name" languagecode="1033" />
                        </labels>
                        <control id="p365i_name" classid="{4273EDBD-AC1D-40D3-9FB2-095C621B552D}" datafieldname="p365i_name" disabled="false" />
                      </cell>
                    </row>
                    <row>
                      <cell id="{b67a7fa3-46cb-4d8a-86ea-5ad1b4eb9243}" locklevel="0" colspan="1" rowspan="1" labelid="{027f6300-f801-42f8-92ec-421c87ab0f37}">
                        <labels>
                          <label description="Product ID" languagecode="1033" />
                        </labels>
                        <control id="p365i_idproduct" classid="{4273EDBD-AC1D-40D3-9FB2-095C621B552D}" datafieldname="p365i_idproduct" disabled="false" />
                      </cell>
                    </row>
                    <row>
                      <cell id="{5b45214f-4597-42c6-bf92-6eacb418f783}" locklevel="0" colspan="1" rowspan="1">
                        <labels>
                          <label description="" languagecode="1033" />
                        </labels>
                        <control id="p365i_type" classid="{3EF39988-22BB-4F0B-BBBE-64B5A3748AEE}" datafieldname="p365i_type" disabled="false" />
                      </cell>
                    </row>
                  </rows>
                </section>
              </sections>
            </column>
            <column width="33%">
              <sections>
                <section id="02DECBA0-3AE2-484D-A19F-C5353AF4F4F2" name="tab_1_column_2_section_1" columns="1" showlabel="false" showbar="false" IsUserDefined="0" labelwidth="130" labelid="{85904d0c-9bd8-49fd-a930-c98115a10fc3}">
                  <labels>
                    <label description="New Section" languagecode="1033" />
                  </labels>
                  <rows>
                    <row>
                      <cell id="266FE48D-4D04-4E9A-8C5A-7DEF9A2F059B" labelid="{22476c4a-2006-4f74-98d1-8aa172c75e01}">
                        <labels>
                          <label description="" languagecode="1033" />
                        </labels>
                      </cell>
                    </row>
                  </rows>
                </section>
              </sections>
            </column>
            <column width="33%">
              <sections>
                <section id="46FD66EA-B686-41D9-AAE0-C565BD78EC1F" name="tab_1_column_3_section_1" columns="1" showlabel="false" showbar="false" IsUserDefined="0" labelwidth="130" labelid="{e17e8f20-561e-4ed4-9923-e17120f066a2}">
                  <labels>
                    <label description="New Section" languagecode="1033" />
                  </labels>
                  <rows>
                    <row>
                      <cell id="07C04A4E-A482-45CC-BAB7-7FCA3CD02938" labelid="{95311551-f4e5-4171-813d-422f3023dc95}">
                        <labels>
                          <label description="" languagecode="1033" />
                        </labels>
                      </cell>
                    </row>
                  </rows>
                </section>
              </sections>
            </column>
          </columns>
        </tab>
      </tabs>
      <DisplayConditions Order="0" FallbackForm="true">
        <Role Id="{627090ff-40a3-4053-8790-584edc5be201}" />
        <Role Id="{119f245c-3cc8-4b62-b31c-d1a046ced15d}" />
      </DisplayConditions>
    </form>
    <IsCustomizable>1</IsCustomizable>
    <CanBeDeleted>1</CanBeDeleted>
    <LocalizedNames>
      <LocalizedName description="Product quick create form" languagecode="1033" />
    </LocalizedNames>
  </systemform>
</forms>