<customapirequestparameter uniquename="CloseOpportunity_LostStatusReason">
  <description default="CloseOpportunity_LostStatusReason">
    <label description="CloseOpportunity_LostStatusReason" languagecode="1033" />
  </description>
  <displayname default="CloseOpportunity_LostStatusReason">
    <label description="CloseOpportunity_LostStatusReason" languagecode="1033" />
  </displayname>
  <iscustomizable>1</iscustomizable>
  <isoptional>0</isoptional>
  <name>CloseOpportunity_LostStatusReason</name>
  <type>10</type>
</customapirequestparameter>