﻿<?xml version="1.0" encoding="utf-8"?>
<optionset Name="p365i_producttype" localizedName="Product type" xmlns:xsi="http://www.w3.org/2001/XMLSchema-instance">
  <OptionSetType>picklist</OptionSetType>
  <IsGlobal>1</IsGlobal>
  <IntroducedVersion>1.0.0.0</IntroducedVersion>
  <IsCustomizable>1</IsCustomizable>
  <ExternalTypeName></ExternalTypeName>
  <displaynames>
    <displayname description="Product type" languagecode="1033" />
  </displaynames>
  <options>
    <option value="446310000" ExternalValue="" Color="#940d0d">
      <labels>
        <label description="Product" languagecode="1033" />
      </labels>
      <Descriptions>
        <Description description="" languagecode="1033" />
      </Descriptions>
    </option>
    <option value="446310001" ExternalValue="" Color="#50961a">
      <labels>
        <label description="Service" languagecode="1033" />
      </labels>
      <Descriptions>
        <Description description="" languagecode="1033" />
      </Descriptions>
    </option>
  </options>
</optionset>