﻿<?xml version="1.0" encoding="utf-8"?>
<PluginAssembly FullName="P365I_CRM.Sales, Version=1.0.0.0, Culture=neutral, PublicKeyToken=e1f2f6346080b059" PluginAssemblyId="29148888-15b3-49a9-be8f-e2dea75a0d0e" CustomizationLevel="1" xmlns:xsi="http://www.w3.org/2001/XMLSchema-instance">
  <IsolationMode>2</IsolationMode>
  <SourceType>0</SourceType>
  <IntroducedVersion>1.0</IntroducedVersion>
  <FileName>/PluginAssemblies/P365I_CRMSales-29148888-15B3-49A9-BE8F-E2DEA75A0D0E/P365I_CRMSales.dll</FileName>
  <PluginTypes>
    <PluginType AssemblyQualifiedName="P365I_CRM.Sales.CustomAPIs.CloseOpportunity, P365I_CRM.Sales, Version=1.0.0.0, Culture=neutral, PublicKeyToken=e1f2f6346080b059" PluginTypeId="86b737dd-a8b2-47d2-bd9f-0c0809b43b23" Name="P365I_CRM.Sales.CustomAPIs.CloseOpportunity">
      <FriendlyName>6b1b0b91-d9a0-4e9b-94d4-3d6accd77d38</FriendlyName>
    </PluginType>
    <PluginType AssemblyQualifiedName="P365I_CRM.Sales.CustomAPIs.CreateQuoteFromOpp, P365I_CRM.Sales, Version=1.0.0.0, Culture=neutral, PublicKeyToken=e1f2f6346080b059" PluginTypeId="d0dc2c1f-f2fd-4102-b3c1-e522c641fb9f" Name="P365I_CRM.Sales.CustomAPIs.CreateQuoteFromOpp">
      <FriendlyName>589a51eb-dd15-4685-ac8d-1ce5fa891f1d</FriendlyName>
    </PluginType>
    <PluginType AssemblyQualifiedName="P365I_CRM.Sales.CustomAPIs.QualifyProspect, P365I_CRM.Sales, Version=1.0.0.0, Culture=neutral, PublicKeyToken=e1f2f6346080b059" PluginTypeId="6ead1150-1fa3-4078-b452-e2185ae9e0d2" Name="P365I_CRM.Sales.CustomAPIs.QualifyProspect">
      <FriendlyName>515a7ae0-e232-4d34-b87d-f1e62eb759b9</FriendlyName>
    </PluginType>
    <PluginType AssemblyQualifiedName="P365I_CRM.Sales.Plugins.OpportunityPostOp, P365I_CRM.Sales, Version=1.0.0.0, Culture=neutral, PublicKeyToken=e1f2f6346080b059" PluginTypeId="e63b249e-8b08-4ba8-b439-72d97a53b97b" Name="P365I_CRM.Sales.Plugins.OpportunityPostOp">
      <FriendlyName>65c1432e-c182-4731-a21a-61ed98dc5077</FriendlyName>
    </PluginType>
    <PluginType AssemblyQualifiedName="P365I_CRM.Sales.Plugins.OpportunityProductPostOp, P365I_CRM.Sales, Version=1.0.0.0, Culture=neutral, PublicKeyToken=e1f2f6346080b059" PluginTypeId="b42bf94c-664e-4d1b-b25a-288c477fa62c" Name="P365I_CRM.Sales.Plugins.OpportunityProductPostOp">
      <FriendlyName>51c594f4-89ff-45fd-b970-eee8a0f21a42</FriendlyName>
    </PluginType>
    <PluginType AssemblyQualifiedName="P365I_CRM.Sales.Plugins.QuoteProductPostOp, P365I_CRM.Sales, Version=1.0.0.0, Culture=neutral, PublicKeyToken=e1f2f6346080b059" PluginTypeId="e998b616-24ac-4848-89d4-3fbe2b209139" Name="P365I_CRM.Sales.Plugins.QuoteProductPostOp">
      <FriendlyName>65df268d-5b6e-466e-8d5a-90a36e5f23ee</FriendlyName>
    </PluginType>
  </PluginTypes>
</PluginAssembly>