﻿<?xml version="1.0" encoding="utf-8"?>
<forms xmlns:xsi="http://www.w3.org/2001/XMLSchema-instance">
  <systemform>
    <formid>{1c0726f8-c649-4f82-9bad-11499d7111e5}</formid>
    <IntroducedVersion>1.0</IntroducedVersion>
    <FormPresentation>1</FormPresentation>
    <FormActivationState>1</FormActivationState>
    <form headerdensity="HighWithControls">
      <tabs>
        <tab verticallayout="true" id="{57b9d9f0-edd5-435c-a9e6-6aa8f9c05430}" IsUserDefined="1">
          <labels>
            <label description="General" languagecode="1033" />
          </labels>
          <columns>
            <column width="100%">
              <sections>
                <section showlabel="false" showbar="false" IsUserDefined="0" id="{6c6d1b6a-6a4e-484e-9d82-04d76b56c110}" columns="11">
                  <labels>
                    <label description="General" languagecode="1033" />
                  </labels>
                  <rows>
                    <row>
                      <cell id="{acf2c627-d8d7-4998-a9b2-87143dc16b67}">
                        <labels>
                          <label description="Name" languagecode="1033" />
                        </labels>
                        <control id="p365i_name" classid="{4273EDBD-AC1D-40d3-9FB2-095C621B552D}" datafieldname="p365i_name" />
                      </cell>
                      <cell id="{0481d4e8-9d63-447a-8418-7027cca771f0}" locklevel="0" colspan="1" rowspan="1">
                        <labels>
                          <label description="Account" languagecode="1033" />
                        </labels>
                        <control id="p365i_account" classid="{270BD3DB-D9AF-4782-9025-509E298DEC0A}" datafieldname="p365i_account" disabled="false" />
                      </cell>
                    </row>
                  </rows>
                </section>
                <section name="null_section_3" id="846db750-79e3-462d-88cf-c0fcfc161605" IsUserDefined="0" locklevel="0" showlabel="false" showbar="false" layout="varwidth" celllabelalignment="Left" celllabelposition="Left" columns="11" labelwidth="115">
                  <labels>
                    <label description="Details" languagecode="1033" />
                  </labels>
                  <rows>
                    <row>
                      <cell locklevel="0" id="{9082ed11-d564-44da-b642-788175546cee}">
                        <labels>
                          <label description="" languagecode="1033" />
                        </labels>
                      </cell>
                      <cell locklevel="0" id="{6943b89e-01d7-4a84-8c01-664d7bccd582}">
                        <labels>
                          <label description="" languagecode="1033" />
                        </labels>
                      </cell>
                    </row>
                    <row>
                      <cell locklevel="0" id="{dcdf78ce-9627-45e2-b363-864ce26ab79b}" rowspan="4" colspan="1" auto="true">
                        <labels>
                          <label description="Opportunities" languagecode="1033" />
                        </labels>
                        <control indicationOfSubgrid="true" id="Subgrid_new_1" classid="{E7A81278-8635-4D9E-8D4D-59480B391C5B}">
                          <parameters>
                            <RecordsPerPage>10</RecordsPerPage>
                            <AutoExpand>Auto</AutoExpand>
                            <EnableQuickFind>false</EnableQuickFind>
                            <EnableViewPicker>false</EnableViewPicker>
                            <EnableChartPicker>true</EnableChartPicker>
                            <ChartGridMode>All</ChartGridMode>
                            <TargetEntityType>p365i_opportunity</TargetEntityType>
                            <ViewId>{573D02B8-950C-44EF-8522-0EAE14621F2A}</ViewId>
                            <ViewIds>{573D02B8-950C-44EF-8522-0EAE14621F2A}</ViewIds>
                            <RelationshipName>p365i_p365i_opportunity_AccountPlan_p365i_accou</RelationshipName>
                          </parameters>
                        </control>
                      </cell>
                      <cell locklevel="0" id="{e621c494-53be-452a-9bd3-daaa235c3c6c}" rowspan="15" colspan="1">
                        <labels>
                          <label description="Note Text" languagecode="1033" />
                        </labels>
                        <control id="notescontrol" classid="{06375649-C143-495E-A496-C962E5B4488E}" disabled="false">
                          <parameters>
                            <UClientRecordPerPage>16</UClientRecordPerPage>
                          </parameters>
                        </control>
                      </cell>
                    </row>
                    <row />
                    <row />
                    <row />
                    <row />
                    <row />
                    <row />
                    <row />
                    <row />
                    <row />
                    <row />
                    <row />
                    <row />
                    <row />
                    <row />
                  </rows>
                </section>
              </sections>
            </column>
          </columns>
        </tab>
      </tabs>
      <header id="{3e5b1adb-219f-416f-815a-777fc0faca0a}" celllabelposition="Top" columns="111" labelwidth="115" celllabelalignment="Left">
        <rows>
          <row>
            <cell id="{3f5c39d5-e976-411d-8979-3d25f06e453d}" showlabel="false">
              <labels>
                <label description="" languagecode="1033" />
              </labels>
            </cell>
            <cell id="{a31c6c9d-811f-4a20-a7fe-3065917050ce}" showlabel="false">
              <labels>
                <label description="" languagecode="1033" />
              </labels>
            </cell>
            <cell id="{9bf8e0ae-6ce8-4caf-beea-e77eb1a1bd89}" showlabel="false">
              <labels>
                <label description="" languagecode="1033" />
              </labels>
            </cell>
          </row>
        </rows>
      </header>
      <footer id="{ffb127ca-407e-46c6-85ad-32dbef96db24}" celllabelposition="Top" columns="111" labelwidth="115" celllabelalignment="Left">
        <rows>
          <row>
            <cell id="{16e234de-1f07-413d-acd4-4ce008525613}" showlabel="false">
              <labels>
                <label description="" languagecode="1033" />
              </labels>
            </cell>
            <cell id="{7dabe174-df26-44e6-a562-4ea343f10985}" showlabel="false">
              <labels>
                <label description="" languagecode="1033" />
              </labels>
            </cell>
            <cell id="{0744cb87-68cb-4f46-8701-166b4fd2d425}" showlabel="false">
              <labels>
                <label description="" languagecode="1033" />
              </labels>
            </cell>
          </row>
        </rows>
      </footer>
      <DisplayConditions Order="0" FallbackForm="true">
        <Everyone />
      </DisplayConditions>
    </form>
    <IsCustomizable>1</IsCustomizable>
    <CanBeDeleted>1</CanBeDeleted>
    <LocalizedNames>
      <LocalizedName description="Account Plan" languagecode="1033" />
    </LocalizedNames>
    <Descriptions>
      <Description description="A form for this entity." languagecode="1033" />
    </Descriptions>
  </systemform>
</forms>