﻿<?xml version="1.0" encoding="utf-8"?>
<forms xmlns:xsi="http://www.w3.org/2001/XMLSchema-instance">
  <systemform>
    <formid>{7c653b35-f3ea-41a9-bdb9-f3a9a3b481f3}</formid>
    <IntroducedVersion>1.0</IntroducedVersion>
    <FormPresentation>1</FormPresentation>
    <FormActivationState>1</FormActivationState>
    <form headerdensity="HighWithControls">
      <tabs>
        <tab verticallayout="true" id="{98a46458-8db5-4246-926e-449fa60a6647}" IsUserDefined="1">
          <labels>
            <label description="General" languagecode="1033" />
          </labels>
          <columns>
            <column width="50%">
              <sections>
                <section showlabel="false" showbar="false" IsUserDefined="0" id="{a3fc11b4-cddb-4970-967a-f0897fc5e172}" name="General">
                  <labels>
                    <label description="General" languagecode="1033" />
                  </labels>
                  <rows>
                    <row>
                      <cell id="{62347904-3d80-4d6a-834c-5d61680dd0a8}" locklevel="0" colspan="1" rowspan="1">
                        <labels>
                          <label description="" languagecode="1033" />
                        </labels>
                        <control id="p365i_pricelist" classid="{270BD3DB-D9AF-4782-9025-509E298DEC0A}" datafieldname="p365i_pricelist" disabled="false" />
                      </cell>
                    </row>
                    <row>
                      <cell id="{1a2e4848-773a-4d71-a9fd-3f942d897973}" locklevel="0" colspan="1" rowspan="1">
                        <labels>
                          <label description="" languagecode="1033" />
                        </labels>
                        <control id="p365i_product" classid="{270BD3DB-D9AF-4782-9025-509E298DEC0A}" datafieldname="p365i_product" disabled="false" />
                      </cell>
                    </row>
                    <row>
                      <cell id="{1e6e160e-c282-4d41-94fa-d35052b5bc3a}">
                        <labels>
                          <label description="" languagecode="1033" />
                        </labels>
                        <control id="ownerid" classid="{270BD3DB-D9AF-4782-9025-509E298DEC0A}" datafieldname="ownerid" />
                      </cell>
                    </row>
                  </rows>
                </section>
              </sections>
            </column>
            <column width="50%">
              <sections>
                <section name="_section_331" id="f21ffb12-0567-4b8e-b95b-0cb0d572701a" IsUserDefined="0" locklevel="0" showlabel="false" showbar="false" layout="varwidth" celllabelalignment="Left" celllabelposition="Left" columns="1" labelwidth="115">
                  <labels>
                    <label description="New Section" languagecode="1033" />
                  </labels>
                  <rows>
                    <row />
                    <row>
                      <cell id="{1ecade96-5990-4b56-b16b-bce343f48a8a}" locklevel="0" colspan="1" rowspan="1">
                        <labels>
                          <label description="" languagecode="1033" />
                        </labels>
                        <control id="transactioncurrencyid" classid="{270BD3DB-D9AF-4782-9025-509E298DEC0A}" datafieldname="transactioncurrencyid" disabled="false" />
                      </cell>
                    </row>
                    <row>
                      <cell id="{0d39b6f0-fddc-49d7-9cd3-79b5baf2a538}" locklevel="0" colspan="1" rowspan="1">
                        <labels>
                          <label description="" languagecode="1033" />
                        </labels>
                        <control id="p365i_price" classid="{533B9E00-756B-4312-95A0-DC888637AC78}" datafieldname="p365i_price" disabled="false" />
                      </cell>
                    </row>
                    <row>
                      <cell id="{80581abe-b0e3-4225-9056-5f7128eb7276}" locklevel="0" colspan="1" rowspan="1">
                        <labels>
                          <label description="" languagecode="1033" />
                        </labels>
                        <control id="p365i_salesunit" classid="{270BD3DB-D9AF-4782-9025-509E298DEC0A}" datafieldname="p365i_salesunit" disabled="false" />
                      </cell>
                    </row>
                  </rows>
                </section>
              </sections>
            </column>
          </columns>
        </tab>
      </tabs>
      <header id="{fb5fe48f-a8a6-48ed-8c64-3ba9676458d4}" celllabelposition="Top" columns="111" labelwidth="115" celllabelalignment="Left">
        <rows>
          <row>
            <cell id="{b1cc821d-da00-48c3-8b03-a18796a10794}" showlabel="false">
              <labels>
                <label description="" languagecode="1033" />
              </labels>
            </cell>
            <cell id="{34a16725-cd4d-4866-bff5-140783da3fea}" showlabel="false">
              <labels>
                <label description="" languagecode="1033" />
              </labels>
            </cell>
            <cell id="{6c511652-32c7-4f96-8ae7-6d0ed7894c42}" showlabel="false">
              <labels>
                <label description="" languagecode="1033" />
              </labels>
            </cell>
          </row>
        </rows>
      </header>
      <footer id="{f44f22e2-1e77-4ecb-8901-4023af35f613}" celllabelposition="Top" columns="111" labelwidth="115" celllabelalignment="Left">
        <rows>
          <row>
            <cell id="{2034cd7c-450c-4c1c-979f-b4308e1c5f7f}" showlabel="false">
              <labels>
                <label description="" languagecode="1033" />
              </labels>
            </cell>
            <cell id="{6c7c6e61-93aa-4a3e-be95-bb47f7c29a48}" showlabel="false">
              <labels>
                <label description="" languagecode="1033" />
              </labels>
            </cell>
            <cell id="{1a806539-59b6-4b53-aabd-41325709df9f}" showlabel="false">
              <labels>
                <label description="" languagecode="1033" />
              </labels>
            </cell>
          </row>
        </rows>
      </footer>
      <DisplayConditions Order="0" FallbackForm="true">
        <Everyone />
      </DisplayConditions>
      <Navigation>
        <NavBar></NavBar>
      </Navigation>
    </form>
    <IsCustomizable>1</IsCustomizable>
    <CanBeDeleted>1</CanBeDeleted>
    <LocalizedNames>
      <LocalizedName description="Information" languagecode="1033" />
    </LocalizedNames>
    <Descriptions>
      <Description description="A form for this entity." languagecode="1033" />
    </Descriptions>
  </systemform>
</forms>