﻿<?xml version="1.0" encoding="utf-8"?>
<EntityRelationships xmlns:xsi="http://www.w3.org/2001/XMLSchema-instance">
  <EntityRelationship Name="business_unit_p365i_listitem" />
  <EntityRelationship Name="business_unit_p365i_pricelist" />
  <EntityRelationship Name="business_unit_p365i_product" />
  <EntityRelationship Name="business_unit_p365i_salesunit" />
  <EntityRelationship Name="lk_p365i_listitem_createdby" />
  <EntityRelationship Name="lk_p365i_listitem_modifiedby" />
  <EntityRelationship Name="lk_p365i_pricelist_createdby" />
  <EntityRelationship Name="lk_p365i_pricelist_modifiedby" />
  <EntityRelationship Name="lk_p365i_product_createdby" />
  <EntityRelationship Name="lk_p365i_product_modifiedby" />
  <EntityRelationship Name="lk_p365i_salesunit_createdby" />
  <EntityRelationship Name="lk_p365i_salesunit_modifiedby" />
  <EntityRelationship Name="owner_p365i_listitem" />
  <EntityRelationship Name="owner_p365i_pricelist" />
  <EntityRelationship Name="owner_p365i_product" />
  <EntityRelationship Name="owner_p365i_salesunit" />
  <EntityRelationship Name="p365i_account_PriceList_p365i_pricelist" />
  <EntityRelationship Name="p365i_listitem_ProcessSession" />
  <EntityRelationship Name="p365i_p365i_listitem_PriceList_p365i_pricelist" />
  <EntityRelationship Name="p365i_p365i_listitem_Product_p365i_product" />
  <EntityRelationship Name="p365i_p365i_listitem_SalesUnit_p365i_salesunit" />
  <EntityRelationship Name="p365i_p365i_pricelist_Currency_transactioncurre" />
  <EntityRelationship Name="p365i_pricelist_ProcessSession" />
  <EntityRelationship Name="p365i_SalesUnit_p365i_Product_p365i_Produ" />
  <EntityRelationship Name="p365i_salesunit_ProcessSession" />
  <EntityRelationship Name="team_p365i_listitem" />
  <EntityRelationship Name="team_p365i_pricelist" />
  <EntityRelationship Name="team_p365i_product" />
  <EntityRelationship Name="team_p365i_salesunit" />
  <EntityRelationship Name="TransactionCurrency_p365i_ListItem" />
  <EntityRelationship Name="user_p365i_listitem" />
  <EntityRelationship Name="user_p365i_pricelist" />
  <EntityRelationship Name="user_p365i_product" />
  <EntityRelationship Name="user_p365i_salesunit" />
</EntityRelationships>