﻿<?xml version="1.0" encoding="utf-8"?>
<forms xmlns:xsi="http://www.w3.org/2001/XMLSchema-instance">
  <systemform>
    <formid>{dd81c0b1-fac8-ee11-9079-00224841f5ce}</formid>
    <IntroducedVersion>1.0.0.0</IntroducedVersion>
    <FormPresentation>1</FormPresentation>
    <FormActivationState>1</FormActivationState>
    <form showImage="true" headerdensity="HighWithControls">
      <ancestor id="{8448b78f-8f42-454e-8e2a-f8196b0419af}" />
      <hiddencontrols>
        <data id="address1_addressid" datafieldname="address1_addressid" classid="{5546E6CD-394C-4bee-94A8-4425E17EF6C6}" />
        <data id="address2_addressid" datafieldname="address2_addressid" classid="{5546E6CD-394C-4bee-94A8-4425E17EF6C6}" />
      </hiddencontrols>
      <tabs>
        <tab name="SUMMARY_TAB" id="{3b0b63a9-d379-689a-0ec3-e71eb4c6a841}" IsUserDefined="0" showlabel="true" expanded="true" locklevel="0" labelid="{3d35937b-b652-407a-8cc3-5c80cd50a2f6}">
          <labels>
            <label description="Summary" languagecode="1033" />
          </labels>
          <columns>
            <column width="33%">
              <sections>
                <section name="ACCOUNT_INFORMATION" showlabel="true" showbar="false" id="{0eb92e6c-bcb8-0d52-a188-d81543ddb7cd}" IsUserDefined="0" layout="varwidth" columns="1" labelwidth="115" celllabelposition="Left" labelid="{8fbaef3c-3683-481a-a738-d015a8c2ed7f}">
                  <labels>
                    <label description="ACCOUNT INFORMATION" languagecode="1033" />
                  </labels>
                  <rows>
                    <row>
                      <cell id="{b0e82a7e-5683-d90c-308a-0d779377ea8a}" showlabel="true" labelid="{f9290c36-33b8-4a3c-9f37-596f51b7f0f4}">
                        <labels>
                          <label description="Account Name" languagecode="1033" />
                        </labels>
                        <control id="name" classid="{4273EDBD-AC1D-40d3-9FB2-095C621B552D}" datafieldname="name" disabled="false" />
                      </cell>
                    </row>
                    <row>
                      <cell id="{3441a91e-47c5-672c-7a20-902d6baa9036}" showlabel="true" labelid="{ff7aa0bf-45bb-4346-a49f-dbaba460eb5e}">
                        <labels>
                          <label description="Phone" languagecode="1033" />
                        </labels>
                        <control id="telephone1" classid="{4273EDBD-AC1D-40d3-9FB2-095C621B552D}" datafieldname="telephone1" disabled="false" />
                      </cell>
                    </row>
                    <row>
                      <cell id="{8b98a55e-a345-b20e-d46e-801e79d5c1c1}" showlabel="true" labelid="{7ee2328d-0e19-401f-95f6-4153c37ceb60}">
                        <labels>
                          <label description="Fax" languagecode="1033" />
                        </labels>
                        <control id="fax" classid="{4273EDBD-AC1D-40d3-9FB2-095C621B552D}" datafieldname="fax" disabled="false" />
                      </cell>
                    </row>
                    <row>
                      <cell id="{e6441984-4343-813a-aa7e-e2747ad35390}" showlabel="true" labelid="{33d8b183-9049-4ef0-90f3-b941bdc75bf6}">
                        <labels>
                          <label description="Website" languagecode="1033" />
                        </labels>
                        <control id="websiteurl" classid="{71716B6C-711E-476c-8AB8-5D11542BFB47}" datafieldname="websiteurl" disabled="false" />
                      </cell>
                    </row>
                    <row>
                      <cell id="{87DE203E-B03C-44CC-8B06-438202B82553}" labelid="{dd9e0fe8-92fa-4fe2-8e1d-e4c997f95494}">
                        <labels>
                          <label description="Parent Account" languagecode="1033" />
                        </labels>
                        <events>
                          <event name="setadditionalparams" application="true" active="true">
                            <InternalHandlers>
                              <Handler functionName="AppCommon.Account.Instance.parentaccountid_setadditionalparams" libraryName="AppCommon/Account/Account_main_system_library.js" handlerUniqueId="c5cc10db-58ac-4611-a529-c1ff599707b1" enabled="true" passExecutionContext="true" />
                            </InternalHandlers>
                          </event>
                        </events>
                        <control id="parentaccountid" classid="{270BD3DB-D9AF-4782-9025-509E298DEC0A}" datafieldname="parentaccountid" />
                      </cell>
                    </row>
                    <row>
                      <cell id="{5f38af3a-3307-47dc-b36d-d9a5de525e6e}" showlabel="true" labelid="{5ae9310d-2f70-4516-b071-38a807ec78f7}">
                        <labels>
                          <label description="Ticker Symbol" languagecode="1033" />
                        </labels>
                        <control id="tickersymbol" classid="{1E1FC551-F7A8-43af-AC34-A8DC35C7B6D4}" datafieldname="tickersymbol" disabled="false" />
                      </cell>
                    </row>
                  </rows>
                </section>
                <section name="ADDRESS" showlabel="true" locklevel="0" showbar="false" id="{cc0fe06e-4b5f-4648-A62d-84d1514e1fc5}" IsUserDefined="0" layout="varwidth" columns="1" labelwidth="115" celllabelposition="Left" labelid="{06da5722-5f36-4037-85f4-a93344d74519}">
                  <labels>
                    <label description="ADDRESS" languagecode="1033" />
                  </labels>
                  <rows>
                    <row>
                      <cell id="{4913500e-605a-809b-e99e-69e2710d09bd}" showlabel="true" locklevel="0" labelid="{62ffd818-4965-49fd-a18c-4399522cda86}">
                        <labels>
                          <label description="Address 1" languagecode="1033" />
                        </labels>
                        <control id="address1_composite" classid="{E0DECE4B-6FC8-4a8f-A065-082708572369}" datafieldname="address1_composite" disabled="false" />
                      </cell>
                    </row>
                  </rows>
                </section>
                <section name="MapSection" showlabel="false" showbar="false" id="{e1c565b8-7db7-4a44-b4e7-281614ff849b}" IsUserDefined="0" layout="varwidth" columns="1" labelwidth="115" celllabelposition="Left" labelid="{cf3de255-3768-47f6-94bf-67a1e953c0cf}">
                  <labels>
                    <label description="" languagecode="1033" />
                  </labels>
                  <rows>
                    <row>
                      <cell id="{7c550a71-c8f5-469b-a221-cc4563525b70}" showlabel="false" rowspan="8" colspan="1" auto="false" labelid="{3d693c11-5db5-4e62-8597-59129cdcf30d}">
                        <labels>
                          <label description="Map View" languagecode="1033" />
                        </labels>
                        <control id="mapcontrol" classid="{62B0DF79-0464-470F-8AF7-4483CFEA0C7D}">
                          <parameters>
                            <AddressField>address1_composite</AddressField>
                          </parameters>
                        </control>
                      </cell>
                    </row>
                    <row />
                    <row />
                    <row />
                    <row />
                    <row />
                    <row />
                    <row />
                  </rows>
                </section>
              </sections>
            </column>
            <column width="42%">
              <sections>
                <section name="SOCIAL_PANE_TAB" showlabel="false" showbar="false" id="{7a073b7c-5422-2418-3d26-b2a7eb290832}" IsUserDefined="0" layout="varwidth" columns="1" labelwidth="115" celllabelposition="Top" locklevel="0" celllabelalignment="Left" labelid="{ebbf0f8b-c6fb-4fc6-b216-615d62e5e9a8}">
                  <labels>
                    <label description="SOCIAL PANE" languagecode="1033" />
                  </labels>
                  <rows>
                    <row>
                      <cell id="{7e87ab43-7321-21c7-5704-24c5c38000c6}" showlabel="false" rowspan="23" auto="false" colspan="1" labelid="{2d179797-6fc2-4a56-b8c9-f6239f7b96dc}">
                        <labels>
                          <label description="" languagecode="1033" />
                        </labels>
                        <control id="notescontrol" classid="{06375649-c143-495e-a496-c962e5b4488e}" disabled="false" />
                      </cell>
                    </row>
                    <row />
                    <row />
                    <row />
                    <row />
                    <row />
                    <row />
                    <row />
                    <row />
                    <row />
                    <row />
                    <row />
                    <row />
                    <row />
                    <row />
                    <row />
                    <row />
                    <row />
                    <row />
                    <row />
                    <row />
                    <row />
                    <row />
                  </rows>
                </section>
              </sections>
            </column>
            <column width="25%">
              <sections>
                <section name="Summary_section_6" showlabel="false" showbar="false" locklevel="0" id="{ea3bb0a6-b9dc-1b0e-5e7d-74a380ee79a3}" IsUserDefined="0" layout="varwidth" columns="1" labelwidth="115" labelid="{4909f55f-b1c9-4366-9f56-898e7b378d73}">
                  <labels>
                    <label description="Assistant" languagecode="1033" />
                  </labels>
                  <rows>
                    <row>
                      <cell id="{2D126B5E-B0BB-436D-A8B3-B8A7C6E1F5A9}" showlabel="false" rowspan="6" auto="false" colspan="1" labelid="{4d42759c-60a3-4fbb-959d-39813e6b1f74}">
                        <labels>
                          <label description="Assistant" languagecode="1033" />
                        </labels>
                        <control id="ActionCards" classid="{F9A8A302-114E-466A-B582-6771B2AE0D92}" uniqueid="{3FF9A528-DD50-4ACA-8F10-2E5ED73513AD}" disabled="false">
                          <parameters>
                            <ViewId>{92AFD454-0F2E-4397-A1C8-05E37C6AD699}</ViewId>
                            <IsUserView>false</IsUserView>
                            <RelationshipName />
                            <TargetEntityType>actioncard</TargetEntityType>
                            <AutoExpand>Fixed</AutoExpand>
                            <EnableViewPicker>false</EnableViewPicker>
                            <EnableJumpBar>false</EnableJumpBar>
                            <ChartGridMode>All</ChartGridMode>
                            <VisualizationId />
                            <IsUserChart>false</IsUserChart>
                            <EnableChartPicker>false</EnableChartPicker>
                            <RecordsPerPage>4</RecordsPerPage>
                          </parameters>
                        </control>
                      </cell>
                    </row>
                    <row />
                    <row />
                    <row />
                    <row />
                    <row />
                  </rows>
                </section>
                <section name="SUMMARY_TAB_section_6" showlabel="false" showbar="false" locklevel="0" id="{d4c3ee9c-ba71-5cdb-31be-2aa505750472}" IsUserDefined="0" layout="varwidth" columns="1" labelwidth="115" celllabelalignment="Left" celllabelposition="Top" labelid="{73ca5fd7-58ed-40dc-8764-556655685531}">
                  <labels>
                    <label description="Section" languagecode="1033" />
                  </labels>
                  <rows>
                    <row>
                      <cell id="{b187688c-8410-5990-16ec-e153968ab583}" showlabel="true" locklevel="0" labelid="{6f20aa83-568f-4c1e-ab56-0c56a2004efa}">
                        <labels>
                          <label description="Primary Contact" languagecode="1033" />
                        </labels>
                        <control id="primarycontactid" classid="{270BD3DB-D9AF-4782-9025-509E298DEC0A}" datafieldname="primarycontactid" disabled="false">
                          <parameters>
                            <FilterRelationshipName>contact_customer_accounts</FilterRelationshipName>
                            <DependentAttributeName>contact.parentcustomerid</DependentAttributeName>
                            <DependentAttributeType>account</DependentAttributeType>
                            <AllowFilterOff>true</AllowFilterOff>
                            <AutoResolve>true</AutoResolve>
                            <DisableMru>false</DisableMru>
                            <DisableQuickFind>false</DisableQuickFind>
                            <DisableViewPicker>false</DisableViewPicker>
                            <DefaultViewId>{A2D479C5-53E3-4C69-ADDD-802327E67A0D}</DefaultViewId>
                          </parameters>
                        </control>
                      </cell>
                    </row>
                    <row>
                      <cell id="{0F664FFF-E39E-4676-9191-CBA16972B21D}" colspan="1" showlabel="false" labelid="{b4422793-c123-47d1-9e34-f05dfe152a9c}">
                        <labels>
                          <label description="Primary Contact" languagecode="1033" />
                        </labels>
                        <control id="contactquickform" classid="{5C5600E0-1D6E-4205-A272-BE80DA87FD42}" datafieldname="primarycontactid" disabled="false">
                          <parameters>
                            <QuickForms>&lt;QuickFormIds&gt;&lt;QuickFormId entityname="contact"&gt;29DE27BC-A257-4F29-99CF-BAB4A84E688F&lt;/QuickFormId&gt;&lt;/QuickFormIds&gt;</QuickForms>
                            <ControlMode>Edit</ControlMode>
                          </parameters>
                        </control>
                      </cell>
                    </row>
                    <row>
                      <cell id="{8e24c7e3-6a40-5abb-eadb-254eba5478e2}" showlabel="true" colspan="1" auto="false" rowspan="7" labelid="{bd31e16a-e4de-49ab-8e5c-8100e77dd6e3}">
                        <labels>
                          <label description="CONTACTS" languagecode="1033" />
                        </labels>
                        <control id="Contacts" classid="{E7A81278-8635-4d9e-8D4D-59480B391C5B}">
                          <parameters>
                            <ViewId>{73BC2D9B-4E0E-424C-8839-ED59D6817E3A}</ViewId>
                            <IsUserView>false</IsUserView>
                            <RelationshipName>contact_customer_accounts</RelationshipName>
                            <TargetEntityType>contact</TargetEntityType>
                            <AutoExpand>Auto</AutoExpand>
                            <EnableQuickFind>false</EnableQuickFind>
                            <EnableViewPicker>false</EnableViewPicker>
                            <ViewIds />
                            <EnableJumpBar>false</EnableJumpBar>
                            <ChartGridMode>Grid</ChartGridMode>
                            <VisualizationId />
                            <IsUserChart>false</IsUserChart>
                            <EnableChartPicker>false</EnableChartPicker>
                            <RecordsPerPage>6</RecordsPerPage>
                          </parameters>
                        </control>
                      </cell>
                    </row>
                    <row />
                    <row />
                    <row />
                    <row />
                    <row />
                    <row />
                  </rows>
                </section>
              </sections>
            </column>
          </columns>
        </tab>
        <tab name="tab_3" id="a1ab9ec9-6f9f-4bf8-a9c1-b85401416123" IsUserDefined="0" locklevel="0" showlabel="true" labelid="{b0e087f2-781e-4380-9be5-e1d29e189c8d}">
          <labels>
            <label description="Sales Information" languagecode="1033" />
          </labels>
          <columns>
            <column width="65%">
              <sections>
                <section name="tab_3_section_1" id="e3b9995c-e0e8-4338-8869-92ed5cfb8280" IsUserDefined="0" locklevel="0" showlabel="false" showbar="false" layout="varwidth" celllabelalignment="Left" celllabelposition="Left" columns="1" labelwidth="115" labelid="{24894bf1-ee34-4b7c-9a86-068dc20392e2}">
                  <labels>
                    <label description="New Section" languagecode="1033" />
                  </labels>
                  <rows>
                    <row />
                    <row>
                      <cell id="{ebe54145-8c33-470a-a588-9b951e1f01a6}" locklevel="0" colspan="1" rowspan="1">
                        <labels>
                          <label description="Price List" languagecode="1033" />
                        </labels>
                        <control id="p365i_pricelist" classid="{270BD3DB-D9AF-4782-9025-509E298DEC0A}" datafieldname="p365i_pricelist" disabled="false" />
                      </cell>
                    </row>
                    <row>
                      <cell locklevel="0" id="{a9a15639-cd9e-47d3-b53c-08b5d90e4215}" rowspan="4" colspan="1" auto="false" labelid="{7eeef80a-8956-4408-94f6-e8859e225025}">
                        <labels>
                          <label description="Opportunities" languagecode="1033" />
                        </labels>
                        <control indicationOfSubgrid="true" id="Subgrid_new_1" classid="{E7A81278-8635-4D9E-8D4D-59480B391C5B}">
                          <parameters>
                            <RecordsPerPage>4</RecordsPerPage>
                            <AutoExpand>Fixed</AutoExpand>
                            <EnableQuickFind>false</EnableQuickFind>
                            <EnableViewPicker>false</EnableViewPicker>
                            <EnableChartPicker>true</EnableChartPicker>
                            <ChartGridMode>All</ChartGridMode>
                            <TargetEntityType>p365i_opportunity</TargetEntityType>
                            <ViewId>{2898D69C-F9C8-EE11-9079-6045BD127823}</ViewId>
                            <ViewIds>{573D02B8-950C-44EF-8522-0EAE14621F2A},{2898D69C-F9C8-EE11-9079-6045BD127823}</ViewIds>
                            <RelationshipName>p365i_p365i_opportunity_parentAccountid_account</RelationshipName>
                          </parameters>
                        </control>
                      </cell>
                    </row>
                    <row />
                    <row />
                    <row />
                  </rows>
                </section>
              </sections>
            </column>
            <column width="35%">
              <sections>
                <section name="tab_3_section_2" id="2e3183e7-4440-48b8-867d-d285c089851d" IsUserDefined="0" locklevel="0" showlabel="false" showbar="false" layout="varwidth" celllabelalignment="Left" celllabelposition="Left" columns="1" labelwidth="115" labelid="{9e607537-5d0b-4c16-9846-b101b5d5f7e7}">
                  <labels>
                    <label description="New Section" languagecode="1033" />
                  </labels>
                  <rows>
                    <row />
                    <row>
                      <cell id="{1eeea1ee-b673-4c6b-a3f3-4b77b52563c0}" userspacer="true" showlabel="false" colspan="1" rowspan="1">
                        <labels>
                          <label description="" languagecode="1033" />
                        </labels>
                      </cell>
                    </row>
                    <row>
                      <cell locklevel="0" id="{857a3d32-3144-48b0-b821-3a4e76ecea05}" rowspan="4" colspan="1" auto="false" labelid="{2657380d-f894-4085-98db-95d593600c64}">
                        <labels>
                          <label description="Account Plans" languagecode="1033" />
                        </labels>
                        <control indicationOfSubgrid="true" id="Subgrid_new_2" classid="{E7A81278-8635-4D9E-8D4D-59480B391C5B}">
                          <parameters>
                            <RecordsPerPage>4</RecordsPerPage>
                            <AutoExpand>Fixed</AutoExpand>
                            <EnableQuickFind>false</EnableQuickFind>
                            <EnableViewPicker>false</EnableViewPicker>
                            <EnableChartPicker>true</EnableChartPicker>
                            <ChartGridMode>All</ChartGridMode>
                            <TargetEntityType>p365i_accountplan</TargetEntityType>
                            <ViewId>{86E576AD-FAC8-EE11-9079-6045BD127823}</ViewId>
                            <ViewIds>{2FB2500C-C7A1-4BD8-870F-30DA8773BA25},{86E576AD-FAC8-EE11-9079-6045BD127823}</ViewIds>
                            <RelationshipName>p365i_p365i_accountplan_Account_account</RelationshipName>
                          </parameters>
                        </control>
                      </cell>
                    </row>
                    <row />
                    <row />
                    <row />
                  </rows>
                </section>
              </sections>
            </column>
          </columns>
        </tab>
        <tab name="DETAILS_TAB" id="{11a42c72-9ded-ea04-253d-2143e731b795}" IsUserDefined="0" showlabel="true" expanded="true" labelid="{26440e68-d67c-42b9-8657-e72a88fa048c}">
          <labels>
            <label description="Details" languagecode="1033" />
          </labels>
          <columns>
            <column width="34%">
              <sections>
                <section name="COMPANY_PROFILE" showlabel="true" showbar="false" id="{ca8587c5-18c0-cac1-7c34-6c639eade090}" IsUserDefined="0" layout="varwidth" columns="1" labelwidth="115" celllabelposition="Left" labelid="{81d9b642-90f6-4ec4-8a28-faff7fa51d47}">
                  <labels>
                    <label description="COMPANY PROFILE" languagecode="1033" />
                  </labels>
                  <rows>
                    <row>
                      <cell id="{59782911-4d1a-38dc-ce49-7dae620dbc51}" showlabel="true" labelid="{07b59ca9-80b8-4c4d-bcb5-5eca2116f217}">
                        <labels>
                          <label description="Industry" languagecode="1033" />
                        </labels>
                        <control id="industrycode" classid="{3EF39988-22BB-4f0b-BBBE-64B5A3748AEE}" datafieldname="industrycode" disabled="false" />
                      </cell>
                    </row>
                    <row>
                      <cell id="{930beba3-d531-0808-c403-de95e2ac3e62}" showlabel="true" labelid="{a4585346-6e70-47e6-b8dc-746c3cf26565}">
                        <labels>
                          <label description="SIC Code" languagecode="1033" />
                        </labels>
                        <control id="sic" classid="{4273EDBD-AC1D-40d3-9FB2-095C621B552D}" datafieldname="sic" disabled="false" />
                      </cell>
                    </row>
                    <row>
                      <cell id="{1c33ad89-92a1-8433-2378-306259eb57c0}" showlabel="true" labelid="{b0de365c-908a-4cb7-aaca-e3b136d036c7}">
                        <labels>
                          <label description="Ownership" languagecode="1033" />
                        </labels>
                        <control id="ownershipcode" classid="{3EF39988-22BB-4f0b-BBBE-64B5A3748AEE}" datafieldname="ownershipcode" disabled="false" />
                      </cell>
                    </row>
                    <row>
                      <cell id="{a56cc0cd-350e-2901-599b-761d7736e569}" showlabel="false" userspacer="true" labelid="{15957599-168e-484d-b05b-e16f7d02e74c}">
                        <labels>
                          <label description="" languagecode="1033" />
                        </labels>
                      </cell>
                    </row>
                  </rows>
                </section>
                <section name="DETAILS_TAB_section_6" showlabel="true" showbar="false" locklevel="0" id="{e201b9ce-c3d5-c922-dba5-528c25066940}" IsUserDefined="0" layout="varwidth" columns="1" labelwidth="115" celllabelalignment="Left" celllabelposition="Top" height="auto" labelid="{87ee8dfb-b0ec-49aa-b8ff-246715dc25af}">
                  <labels>
                    <label description="Description" languagecode="1033" />
                  </labels>
                  <rows>
                    <row>
                      <cell id="{a4a726a2-8e3e-79d0-02c3-0a04a6b71089}" showlabel="false" locklevel="0" rowspan="3" auto="true" labelid="{bfb92216-2c97-4b7f-ac1b-b028421d82ef}">
                        <labels>
                          <label description="Description" languagecode="1033" />
                        </labels>
                        <control id="description" classid="{E0DECE4B-6FC8-4a8f-A065-082708572369}" datafieldname="description" disabled="false" />
                      </cell>
                    </row>
                    <row />
                    <row height="auto" />
                  </rows>
                </section>
              </sections>
            </column>
            <column width="33%">
              <sections>
                <section name="CONTACT_PREFERENCES" showlabel="true" showbar="false" id="{2787a122-55d5-4c8d-9b21-c8d4ec8cc3fc}" IsUserDefined="0" columns="1" labelwidth="115" celllabelposition="Left" labelid="{9ef6a19f-ab65-436e-96a8-48b7cdbe2382}">
                  <labels>
                    <label description="CONTACT PREFERENCES" languagecode="1033" />
                  </labels>
                  <rows>
                    <row>
                      <cell id="{e651d783-6c9f-4e8d-981c-c9577e344e7b}" labelid="{8bc7c0d8-9733-413f-a313-62cc4b32057c}">
                        <labels>
                          <label description="Contact Method" languagecode="1033" />
                        </labels>
                        <control id="preferredcontactmethodcode" classid="{3EF39988-22BB-4f0b-BBBE-64B5A3748AEE}" datafieldname="preferredcontactmethodcode" />
                      </cell>
                    </row>
                    <row>
                      <cell id="{0a536c64-788d-4f22-a388-fbddfdee8142}" labelid="{2aaa4484-17c5-4834-b531-83cf5e0d0985}">
                        <labels>
                          <label description="Email" languagecode="1033" />
                        </labels>
                        <control id="donotemail" classid="{67FAC785-CD58-4f9f-ABB3-4B7DDC6ED5ED}" datafieldname="donotemail" />
                      </cell>
                    </row>
                    <row>
                      <cell id="{82b8410d-3b9c-4aca-9968-6b3e493ef92e}" labelid="{07cb0411-feaa-43b2-a5cf-fdb06830c09b}">
                        <labels>
                          <label description="Follow Email" languagecode="1033" />
                        </labels>
                        <control id="followemail" classid="{67FAC785-CD58-4f9f-ABB3-4B7DDC6ED5ED}" datafieldname="followemail" />
                      </cell>
                    </row>
                    <row>
                      <cell id="{cfa09fa5-ccb6-4f97-bd8d-d7e037a7aab1}" labelid="{8d71cb21-f7f1-4ac3-ad21-80d8618eddd1}">
                        <labels>
                          <label description="Bulk Email" languagecode="1033" />
                        </labels>
                        <control id="donotbulkemail" classid="{67FAC785-CD58-4f9f-ABB3-4B7DDC6ED5ED}" datafieldname="donotbulkemail" />
                      </cell>
                    </row>
                    <row>
                      <cell id="{f587cb66-b142-47c9-bc7a-009875261840}" labelid="{3f0de577-6b67-4480-90c4-fdc31ba6357b}">
                        <labels>
                          <label description="Phone" languagecode="1033" />
                        </labels>
                        <control id="donotphone" classid="{67FAC785-CD58-4f9f-ABB3-4B7DDC6ED5ED}" datafieldname="donotphone" />
                      </cell>
                    </row>
                    <row>
                      <cell id="{12927a20-3614-4546-89fc-9bdbd9b7432f}" labelid="{c40ee857-c3a7-40b8-bc0c-273a217d3e4d}">
                        <labels>
                          <label description="Fax" languagecode="1033" />
                        </labels>
                        <control id="donotfax" classid="{67FAC785-CD58-4f9f-ABB3-4B7DDC6ED5ED}" datafieldname="donotfax" />
                      </cell>
                    </row>
                    <row>
                      <cell id="{ed50e866-7968-483d-8388-0e6313d3c784}" labelid="{73264a74-d656-46fa-b96c-bef1979ee486}">
                        <labels>
                          <label description="Mail" languagecode="1033" />
                        </labels>
                        <control id="donotpostalmail" classid="{67FAC785-CD58-4f9f-ABB3-4B7DDC6ED5ED}" datafieldname="donotpostalmail" />
                      </cell>
                    </row>
                  </rows>
                </section>
              </sections>
            </column>
            <column width="33%">
              <sections>
                <section name="BILLING" showlabel="true" showbar="false" id="{910de80a-a17e-092a-255d-44d775cb4207}" IsUserDefined="0" layout="varwidth" columns="1" labelwidth="115" celllabelposition="Left" locklevel="0" celllabelalignment="Left" labelid="{ebed10b6-a21d-42e0-9011-2f4d0920dda0}">
                  <labels>
                    <label description="BILLING" languagecode="1033" />
                  </labels>
                  <rows>
                    <row>
                      <cell id="{7cd2b88c-b25c-4729-9c27-f59ebb5a1538}" labelid="{9a05275a-d150-4441-896d-34ac3ff17ff2}">
                        <labels>
                          <label description="Currency" languagecode="1033" />
                        </labels>
                        <control id="transactioncurrencyid" classid="{270BD3DB-D9AF-4782-9025-509E298DEC0A}" datafieldname="transactioncurrencyid" />
                      </cell>
                    </row>
                    <row>
                      <cell id="{0125719c-a5b0-4230-9817-3fba5d6ebfaf}" labelid="{9a09dca9-40f1-4c0d-b172-03f505ab9d93}">
                        <labels>
                          <label description="Credit Limit" languagecode="1033" />
                        </labels>
                        <control id="creditlimit" classid="{533B9E00-756B-4312-95A0-DC888637AC78}" datafieldname="creditlimit" />
                      </cell>
                    </row>
                    <row>
                      <cell id="{abc2c862-bcd4-4a4b-ac51-c311d4e66d5b}" labelid="{8536228c-60b8-42b5-bcaf-00b5835f0f85}">
                        <labels>
                          <label description="Credit Hold" languagecode="1033" />
                        </labels>
                        <control id="creditonhold" classid="{67FAC785-CD58-4f9f-ABB3-4B7DDC6ED5ED}" datafieldname="creditonhold" />
                      </cell>
                    </row>
                    <row>
                      <cell id="{0bab9157-d14e-441f-969d-80460634c15e}" labelid="{7ed4427e-0f9c-4e9f-9919-e62654119cb5}">
                        <labels>
                          <label description="Payment Terms" languagecode="1033" />
                        </labels>
                        <control id="paymenttermscode" classid="{3EF39988-22BB-4f0b-BBBE-64B5A3748AEE}" datafieldname="paymenttermscode" />
                      </cell>
                    </row>
                  </rows>
                </section>
                <section name="SHIPPING" showlabel="true" showbar="false" id="{d61ba33b-9648-d541-459d-ae145a6854db}" IsUserDefined="0" layout="varwidth" columns="1" labelwidth="115" celllabelposition="Left" locklevel="0" celllabelalignment="Left" labelid="{ccd250d4-c6f6-4425-b398-f880e7577b29}">
                  <labels>
                    <label description="SHIPPING" languagecode="1033" />
                  </labels>
                  <rows>
                    <row>
                      <cell id="{4d2e776d-7d85-c51b-3900-1ae7323b0a6b}" showlabel="true" labelid="{ab56267e-6547-42c3-9387-a8b600b1aafc}">
                        <labels>
                          <label description="Shipping Method" languagecode="1033" />
                        </labels>
                        <control id="address1_shippingmethodcode" classid="{3EF39988-22BB-4f0b-BBBE-64B5A3748AEE}" datafieldname="address1_shippingmethodcode" />
                      </cell>
                    </row>
                    <row>
                      <cell id="{02719696-a5da-b791-48c3-4e8cb8b110d5}" showlabel="true" labelid="{0e3f4af3-647b-466b-87b5-3aa258381a76}">
                        <labels>
                          <label description="Freight Terms" languagecode="1033" />
                        </labels>
                        <control id="address1_freighttermscode" classid="{3EF39988-22BB-4f0b-BBBE-64B5A3748AEE}" datafieldname="address1_freighttermscode" />
                      </cell>
                    </row>
                  </rows>
                </section>
                <section name="ChildAccounts" showlabel="true" showbar="false" locklevel="0" id="{1e0e4517-ba6b-1540-53a9-09647d67443a}" IsUserDefined="0" layout="varwidth" columns="1" labelwidth="115" celllabelalignment="Left" celllabelposition="Left" labelid="{e0c161b7-2644-4da2-93e1-fbe994734029}">
                  <labels>
                    <label description="CHILD ACCOUNTS" languagecode="1033" />
                  </labels>
                  <rows>
                    <row>
                      <cell id="{8b1d7a7a-972c-78c1-d287-82ec5b33d167}" showlabel="false" colspan="1" auto="false" rowspan="6" labelid="{77686b7b-c46a-4bcd-85e7-d75784b8d479}">
                        <labels>
                          <label description="Child Accounts" languagecode="1033" />
                        </labels>
                        <control id="ChildAccounts" classid="{E7A81278-8635-4d9e-8D4D-59480B391C5B}">
                          <parameters>
                            <ViewId>{00000000-0000-0000-00AA-000010001002}</ViewId>
                            <IsUserView>false</IsUserView>
                            <RelationshipName>account_parent_account</RelationshipName>
                            <TargetEntityType>account</TargetEntityType>
                            <AutoExpand>Fixed</AutoExpand>
                            <EnableQuickFind>false</EnableQuickFind>
                            <EnableViewPicker>false</EnableViewPicker>
                            <ViewIds>{00000000-0000-0000-00AA-000010001002},{00000000-0000-0000-00AA-000010001001}</ViewIds>
                            <EnableJumpBar>false</EnableJumpBar>
                            <ChartGridMode>Grid</ChartGridMode>
                            <VisualizationId>{74A622C0-5193-DE11-97D4-00155DA3B01E}</VisualizationId>
                            <IsUserChart>false</IsUserChart>
                            <EnableChartPicker>false</EnableChartPicker>
                            <RecordsPerPage>4</RecordsPerPage>
                          </parameters>
                        </control>
                      </cell>
                    </row>
                    <row />
                    <row />
                    <row />
                    <row />
                    <row />
                  </rows>
                </section>
              </sections>
            </column>
          </columns>
        </tab>
      </tabs>
      <events>
        <event name="onload" application="true" active="true">
          <InternalHandlers>
            <Handler functionName="AppCommon.Account.Instance.ra_onload" libraryName="AppCommon/Account/Account_main_system_library.js" handlerUniqueId="7927DD68-5AC5-4E9A-B39A-44F62467656A" enabled="true" />
          </InternalHandlers>
        </event>
      </events>
      <header id="{d5a03552-1183-4347-a237-1f894ba449eb}" columns="111" celllabelposition="Top" labelwidth="115">
        <rows>
          <row>
            <cell id="{d3e19d4e-b2ae-409f-9b4e-5976527c6c83}" labelid="{7054a39a-4b7f-4eee-9f2f-66cc2717e921}">
              <labels>
                <label description="Annual Revenue" languagecode="1033" />
              </labels>
              <control id="header_revenue" classid="{533B9E00-756B-4312-95A0-DC888637AC78}" datafieldname="revenue" />
            </cell>
            <cell id="{2adb5a52-604d-5aad-ba6a-2bbab6c33594}" showlabel="true" labelid="{463c2bed-1c75-47ff-8533-dd70d2106013}">
              <labels>
                <label description="Number of Employees" languagecode="1033" />
              </labels>
              <control id="header_numberofemployees" classid="{C6D124CA-7EDA-4a60-AEA9-7FB8D318B68F}" datafieldname="numberofemployees" />
            </cell>
            <cell id="{54b2d0a2-eb77-b3cd-b60a-03ea6944e98e}" showlabel="true" locklevel="1" labelid="{ad4a335e-134a-42f0-be23-184da4557e62}">
              <labels>
                <label description="Owner" languagecode="1033" />
              </labels>
              <control id="header_ownerid" classid="{270BD3DB-D9AF-4782-9025-509E298DEC0A}" datafieldname="ownerid" />
            </cell>
          </row>
        </rows>
      </header>
      <clientresources>
        <internalresources>
          <clientincludes>
            <internaljscriptfile src="$webresource:AppCommon/Account/Account_main_system_library.js" />
          </clientincludes>
        </internalresources>
      </clientresources>
      <Navigation>
        <NavBar>
          <NavBarByRelationshipItem RelationshipName="Account_CustomerAddress" Id="navAddresses" Sequence="10" Area="Info" Show="false">
            <Privileges>
              <Privilege Entity="" Privilege="ReadActivity" />
            </Privileges>
            <Titles>
              <Title LCID="1033" Text="Addresses" />
              <Title LCID="1025" Text="العناوين" />
              <Title LCID="1026" Text="Адреси" />
              <Title LCID="1027" Text="Adreces" />
              <Title LCID="1029" Text="Adresy" />
              <Title LCID="1030" Text="Adresser" />
              <Title LCID="1031" Text="Adressen" />
              <Title LCID="1032" Text="Διευθύνσεις" />
              <Title LCID="3082" Text="Direcciones" />
              <Title LCID="1061" Text="Aadressid" />
              <Title LCID="1069" Text="Helbideak" />
              <Title LCID="1035" Text="Osoitteet" />
              <Title LCID="1036" Text="Adresses" />
              <Title LCID="1110" Text="Enderezos" />
              <Title LCID="1037" Text="כתובות" />
              <Title LCID="1081" Text="पते" />
              <Title LCID="1050" Text="Adrese" />
              <Title LCID="1038" Text="Címek" />
              <Title LCID="1057" Text="Alamat" />
              <Title LCID="1040" Text="Indirizzi" />
              <Title LCID="1041" Text="住所" />
              <Title LCID="1087" Text="Мекенжайлар" />
              <Title LCID="1042" Text="주소" />
              <Title LCID="1063" Text="Adresai" />
              <Title LCID="1062" Text="Adreses" />
              <Title LCID="1086" Text="Alamat" />
              <Title LCID="1044" Text="Adresser" />
              <Title LCID="1043" Text="Adressen" />
              <Title LCID="1045" Text="Adresy" />
              <Title LCID="1046" Text="Endereços" />
              <Title LCID="2070" Text="Endereços" />
              <Title LCID="1048" Text="Adrese" />
              <Title LCID="1049" Text="Адреса" />
              <Title LCID="1051" Text="Adresy" />
              <Title LCID="1060" Text="Naslovi" />
              <Title LCID="3098" Text="Адресе" />
              <Title LCID="10266" Text="Адресе" />
              <Title LCID="2074" Text="Adrese" />
              <Title LCID="9242" Text="Adrese" />
              <Title LCID="1053" Text="Adresser" />
              <Title LCID="1054" Text="ที่อยู่" />
              <Title LCID="1055" Text="Adresler" />
              <Title LCID="1058" Text="Адреси" />
              <Title LCID="1066" Text="Địa chỉ" />
              <Title LCID="2052" Text="地址" />
              <Title LCID="3076" Text="地址" />
              <Title LCID="1028" Text="地址" />
            </Titles>
          </NavBarByRelationshipItem>
          <NavBarByRelationshipItem RelationshipName="account_parent_account" Id="navSubAccts" TitleResourceId="Label_SubAccounts" Sequence="10" Area="Info" Show="false">
            <Privileges>
              <Privilege Entity="" Privilege="ReadActivity" />
            </Privileges>
            <Titles>
              <Title LCID="1033" Text="Accounts" />
              <Title LCID="1025" Text="الحسابات" />
              <Title LCID="1026" Text="Акаунти" />
              <Title LCID="1027" Text="Comptes" />
              <Title LCID="1029" Text="Obchodní vztahy" />
              <Title LCID="1030" Text="Firmaer" />
              <Title LCID="1031" Text="Firmen" />
              <Title LCID="1032" Text="Λογαριασμοί" />
              <Title LCID="3082" Text="Cuentas" />
              <Title LCID="1061" Text="Kontod" />
              <Title LCID="1069" Text="Kontuak" />
              <Title LCID="1035" Text="Asiakkaat" />
              <Title LCID="1036" Text="Comptes" />
              <Title LCID="1110" Text="Contas" />
              <Title LCID="1037" Text="תיקי לקוחות" />
              <Title LCID="1081" Text="खाते" />
              <Title LCID="1050" Text="Kupci" />
              <Title LCID="1038" Text="Partnerek" />
              <Title LCID="1057" Text="Akun" />
              <Title LCID="1040" Text="Account" />
              <Title LCID="1041" Text="取引先企業" />
              <Title LCID="1087" Text="Тіркелгілер" />
              <Title LCID="1042" Text="거래처" />
              <Title LCID="1063" Text="Klientai" />
              <Title LCID="1062" Text="Uzņēmumi" />
              <Title LCID="1086" Text="Akaun" />
              <Title LCID="1044" Text="Forretningsforbindelser" />
              <Title LCID="1043" Text="Accounts" />
              <Title LCID="1045" Text="Klienci" />
              <Title LCID="1046" Text="Contas" />
              <Title LCID="2070" Text="Contas" />
              <Title LCID="1048" Text="Conturi" />
              <Title LCID="1049" Text="Организации" />
              <Title LCID="1051" Text="Obchodné vzťahy" />
              <Title LCID="1060" Text="Računi" />
              <Title LCID="3098" Text="Пословни контакти" />
              <Title LCID="10266" Text="Пословни контакти" />
              <Title LCID="2074" Text="Poslovni kontakti" />
              <Title LCID="9242" Text="Poslovni kontakti" />
              <Title LCID="1053" Text="Konton" />
              <Title LCID="1054" Text="บัญชี" />
              <Title LCID="1055" Text="Firmalar" />
              <Title LCID="1058" Text="Бізнес-партнери" />
              <Title LCID="1066" Text="Khách hàng" />
              <Title LCID="2052" Text="帐户" />
              <Title LCID="3076" Text="客戶" />
              <Title LCID="1028" Text="客戶" />
            </Titles>
          </NavBarByRelationshipItem>
          <NavBarByRelationshipItem RelationshipName="account_customer_relationship_customer" Id="navRelationships" TitleResourceId="Left_Nav_Area_Relationships" Sequence="10" Area="Info" Show="false">
            <Privileges>
              <Privilege Entity="" Privilege="ReadActivity" />
            </Privileges>
            <Titles>
              <Title LCID="1033" Text="CustomerRelationship" />
              <Title LCID="1025" Text="CustomerRelationship" />
              <Title LCID="1026" Text="CustomerRelationship" />
              <Title LCID="1027" Text="CustomerRelationship" />
              <Title LCID="1029" Text="CustomerRelationship" />
              <Title LCID="1030" Text="CustomerRelationship" />
              <Title LCID="1031" Text="CustomerRelationship" />
              <Title LCID="1032" Text="CustomerRelationship" />
              <Title LCID="3082" Text="CustomerRelationship" />
              <Title LCID="1061" Text="CustomerRelationship" />
              <Title LCID="1069" Text="CustomerRelationship" />
              <Title LCID="1035" Text="CustomerRelationship" />
              <Title LCID="1036" Text="CustomerRelationship" />
              <Title LCID="1110" Text="CustomerRelationship" />
              <Title LCID="1037" Text="CustomerRelationship" />
              <Title LCID="1081" Text="CustomerRelationship" />
              <Title LCID="1050" Text="CustomerRelationship" />
              <Title LCID="1038" Text="CustomerRelationship" />
              <Title LCID="1057" Text="CustomerRelationship" />
              <Title LCID="1040" Text="CustomerRelationship" />
              <Title LCID="1041" Text="CustomerRelationship" />
              <Title LCID="1087" Text="CustomerRelationship" />
              <Title LCID="1042" Text="CustomerRelationship" />
              <Title LCID="1063" Text="CustomerRelationship" />
              <Title LCID="1062" Text="CustomerRelationship" />
              <Title LCID="1086" Text="CustomerRelationship" />
              <Title LCID="1044" Text="CustomerRelationship" />
              <Title LCID="1043" Text="CustomerRelationship" />
              <Title LCID="1045" Text="CustomerRelationship" />
              <Title LCID="1046" Text="CustomerRelationship" />
              <Title LCID="2070" Text="CustomerRelationship" />
              <Title LCID="1048" Text="CustomerRelationship" />
              <Title LCID="1049" Text="CustomerRelationship" />
              <Title LCID="1051" Text="CustomerRelationship" />
              <Title LCID="1060" Text="CustomerRelationship" />
              <Title LCID="3098" Text="CustomerRelationship" />
              <Title LCID="10266" Text="CustomerRelationship" />
              <Title LCID="2074" Text="CustomerRelationship" />
              <Title LCID="9242" Text="CustomerRelationship" />
              <Title LCID="1053" Text="CustomerRelationship" />
              <Title LCID="1054" Text="CustomerRelationship" />
              <Title LCID="1055" Text="CustomerRelationship" />
              <Title LCID="1058" Text="CustomerRelationship" />
              <Title LCID="1066" Text="CustomerRelationship" />
              <Title LCID="2052" Text="CustomerRelationship" />
              <Title LCID="3076" Text="CustomerRelationship" />
              <Title LCID="1028" Text="CustomerRelationship" />
            </Titles>
          </NavBarByRelationshipItem>
          <NavBarByRelationshipItem RelationshipName="hardcoded_{B7196B13-6B9D-42CD-BD58-B19A3953126F}navCampaignsInSFA" Sequence="20" Area="Marketing" Id="navCampaignsInSFA" Show="false">
            <Titles>
              <Title LCID="1033" Text="Campaigns" />
              <Title LCID="1025" Text="الحملات" />
              <Title LCID="1026" Text="Кампании" />
              <Title LCID="1027" Text="Campanyes" />
              <Title LCID="1029" Text="Kampaně" />
              <Title LCID="1030" Text="Kampagner" />
              <Title LCID="1031" Text="Kampagnen" />
              <Title LCID="1032" Text="Εκστρατείες" />
              <Title LCID="3082" Text="Campañas" />
              <Title LCID="1061" Text="Kampaaniad" />
              <Title LCID="1069" Text="Kanpainak" />
              <Title LCID="1035" Text="Kampanjat" />
              <Title LCID="1036" Text="Campagnes" />
              <Title LCID="1110" Text="Campañas" />
              <Title LCID="1037" Text="קמפיינים" />
              <Title LCID="1081" Text="अभियान" />
              <Title LCID="1050" Text="Kampanje" />
              <Title LCID="1038" Text="Kampányok" />
              <Title LCID="1057" Text="Kampanye" />
              <Title LCID="1040" Text="Campagne" />
              <Title LCID="1041" Text="キャンペーン" />
              <Title LCID="1087" Text="Науқандар" />
              <Title LCID="1042" Text="캠페인" />
              <Title LCID="1063" Text="Kampanijos" />
              <Title LCID="1062" Text="Kampaņas" />
              <Title LCID="1086" Text="Kempen" />
              <Title LCID="1044" Text="Kampanjer" />
              <Title LCID="1043" Text="Campagnes" />
              <Title LCID="1045" Text="Kampanie" />
              <Title LCID="1046" Text="Campanhas" />
              <Title LCID="2070" Text="Campanhas" />
              <Title LCID="1048" Text="Campanii" />
              <Title LCID="1049" Text="Кампании" />
              <Title LCID="1051" Text="Kampane" />
              <Title LCID="1060" Text="Akcije" />
              <Title LCID="3098" Text="Кампање" />
              <Title LCID="10266" Text="Кампање" />
              <Title LCID="2074" Text="Kampanje" />
              <Title LCID="9242" Text="Kampanje" />
              <Title LCID="1053" Text="Kampanjer" />
              <Title LCID="1054" Text="การส่งเสริมการขาย" />
              <Title LCID="1055" Text="Kampanyalar" />
              <Title LCID="1058" Text="Кампанії" />
              <Title LCID="1066" Text="Chiến dịch" />
              <Title LCID="2052" Text="市场活动" />
              <Title LCID="3076" Text="行銷活動" />
              <Title LCID="1028" Text="行銷活動" />
            </Titles>
          </NavBarByRelationshipItem>
          <NavBarByRelationshipItem RelationshipName="hardcoded_{B7196B13-6B9D-42CD-BD58-B19A3953126F}navProcessSessions" Sequence="9700" Area="ProcessCenter" Id="navProcessSessions" Show="false">
            <Titles>
              <Title LCID="1033" Text="Dialog Sessions" />
              <Title LCID="1025" Text="جلسات عمل الحوار" />
              <Title LCID="1026" Text="Диалогови сесии" />
              <Title LCID="1027" Text="Sessions del diàleg" />
              <Title LCID="1029" Text="Relace dialogů" />
              <Title LCID="1030" Text="Dialogsessioner" />
              <Title LCID="1031" Text="Dialogsitzungen" />
              <Title LCID="1032" Text="Περίοδοι λειτουργίας παραθύρου διαλόγου" />
              <Title LCID="3082" Text="Sesiones de diálogo" />
              <Title LCID="1061" Text="Dialoogiseansid" />
              <Title LCID="1069" Text="Elkarrizketa-saioak" />
              <Title LCID="1035" Text="Dialogi-istunnot" />
              <Title LCID="1036" Text="Sessions de dialogue" />
              <Title LCID="1110" Text="Sesións de diálogo" />
              <Title LCID="1037" Text="הפעלות דו-שיח" />
              <Title LCID="1081" Text="संवाद सत्र" />
              <Title LCID="1050" Text="Sesije dijaloga" />
              <Title LCID="1038" Text="Párbeszéd-munkamenetek" />
              <Title LCID="1057" Text="Sesi Dialog" />
              <Title LCID="1040" Text="Sessioni di interazione" />
              <Title LCID="1041" Text="ダイアログ セッション" />
              <Title LCID="1087" Text="Диалог сеанстары" />
              <Title LCID="1042" Text="대화 세션" />
              <Title LCID="1063" Text="Dialogo seansai" />
              <Title LCID="1062" Text="Dialogu sesijas" />
              <Title LCID="1086" Text="Sesi Dialog" />
              <Title LCID="1044" Text="Dialogøkter" />
              <Title LCID="1043" Text="Dialoogvenstersessies" />
              <Title LCID="1045" Text="Sesje dialogowe" />
              <Title LCID="1046" Text="Sessões de Diálogo" />
              <Title LCID="2070" Text="Sessões de Diálogo" />
              <Title LCID="1048" Text="Sesiuni de dialog" />
              <Title LCID="1049" Text="Сеансы диалогового окна" />
              <Title LCID="1051" Text="Relácie dialógového okna" />
              <Title LCID="1060" Text="Seje dialoga" />
              <Title LCID="3098" Text="Сесије дијалога" />
              <Title LCID="10266" Text="Сесије дијалога" />
              <Title LCID="2074" Text="Sesije dijaloga" />
              <Title LCID="9242" Text="Sesije dijaloga" />
              <Title LCID="1053" Text="Dialogsessioner" />
              <Title LCID="1054" Text="เซสชันของกล่องโต้ตอบ" />
              <Title LCID="1055" Text="Diyalog Oturumları" />
              <Title LCID="1058" Text="Сеанси діалогу" />
              <Title LCID="1066" Text="Phiên hộp thoại" />
              <Title LCID="2052" Text="对话会话" />
              <Title LCID="3076" Text="對話方塊工作階段" />
              <Title LCID="1028" Text="對話方塊工作階段" />
            </Titles>
          </NavBarByRelationshipItem>
          <NavBarByRelationshipItem RelationshipName="hardcoded_{B7196B13-6B9D-42CD-BD58-B19A3953126F}navAsyncOperations" Sequence="9500" Area="ProcessCenter" Id="navAsyncOperations" Show="false">
            <Titles>
              <Title LCID="1033" Text="Workflows" />
              <Title LCID="1025" Text="عمليات سير العمل" />
              <Title LCID="1026" Text="Работни потоци" />
              <Title LCID="1027" Text="Fluxos de treball" />
              <Title LCID="1029" Text="Pracovní postupy" />
              <Title LCID="1030" Text="Arbejdsprocesser" />
              <Title LCID="1031" Text="Workflows" />
              <Title LCID="1032" Text="Ροές εργασιών" />
              <Title LCID="3082" Text="Flujos de trabajo" />
              <Title LCID="1061" Text="Töövood" />
              <Title LCID="1069" Text="Lan-fluxuak" />
              <Title LCID="1035" Text="Työnkulut" />
              <Title LCID="1036" Text="Workflows" />
              <Title LCID="1110" Text="Fluxos de traballo" />
              <Title LCID="1037" Text="זרימות עבודה" />
              <Title LCID="1081" Text="कार्य प्रवाह" />
              <Title LCID="1050" Text="Tjekovi rada" />
              <Title LCID="1038" Text="Munkafolyamatok" />
              <Title LCID="1057" Text="Alur Kerja" />
              <Title LCID="1040" Text="Flussi di lavoro" />
              <Title LCID="1041" Text="ワークフロー" />
              <Title LCID="1087" Text="Жұмыс ағындары" />
              <Title LCID="1042" Text="워크플로" />
              <Title LCID="1063" Text="Darbo eigos" />
              <Title LCID="1062" Text="Darbplūsmas" />
              <Title LCID="1086" Text="Aliran Kerja" />
              <Title LCID="1044" Text="Arbeidsflyter" />
              <Title LCID="1043" Text="Werkstromen" />
              <Title LCID="1045" Text="Przepływy pracy" />
              <Title LCID="1046" Text="Fluxos de Trabalho" />
              <Title LCID="2070" Text="Fluxos de Trabalho" />
              <Title LCID="1048" Text="Fluxuri de lucru" />
              <Title LCID="1049" Text="Бизнес-процессы" />
              <Title LCID="1051" Text="Pracovné postupy" />
              <Title LCID="1060" Text="Poteki dela" />
              <Title LCID="3098" Text="Токови посла" />
              <Title LCID="10266" Text="Токови посла" />
              <Title LCID="2074" Text="Tokovi posla" />
              <Title LCID="9242" Text="Tokovi posla" />
              <Title LCID="1053" Text="Arbetsflöden" />
              <Title LCID="1054" Text="เวิร์กโฟลว์" />
              <Title LCID="1055" Text="İş Akışları" />
              <Title LCID="1058" Text="Робочі цикли" />
              <Title LCID="1066" Text="Quy trình làm việc" />
              <Title LCID="2052" Text="工作流" />
              <Title LCID="3076" Text="工作流程" />
              <Title LCID="1028" Text="工作流程" />
            </Titles>
          </NavBarByRelationshipItem>
        </NavBar>
      </Navigation>
      <controlDescriptions>
        <controlDescription forControl="{3FF9A528-DD50-4ACA-8F10-2E5ED73513AD}">
          <customControl formFactor="2" name="MscrmControls.CardFeedContainer.CardFeedContainer">
            <parameters>
              <data-set name="SubGrid">
                <ViewId>{92AFD454-0F2E-4397-A1C8-05E37C6AD699}</ViewId>
                <IsUserView>false</IsUserView>
                <TargetEntityType>actioncard</TargetEntityType>
                <FilteredViewIds>{92AFD454-0F2E-4397-A1C8-05E37C6AfD699}</FilteredViewIds>
                <EnableViewPicker>false</EnableViewPicker>
              </data-set>
              <EntityTypeCode static="true" type="Decimal">1</EntityTypeCode>
              <Location static="true" type="Decimal">1</Location>
              <msinternal.isvisibleinmocaonly static="true">true</msinternal.isvisibleinmocaonly>
            </parameters>
          </customControl>
          <customControl formFactor="0" name="MscrmControls.CardFeedContainer.CardFeedContainer">
            <parameters>
              <data-set name="SubGrid">
                <ViewId>{92AFD454-0F2E-4397-A1C8-05E37C6AD699}</ViewId>
                <IsUserView>false</IsUserView>
                <TargetEntityType>actioncard</TargetEntityType>
                <FilteredViewIds>{92AFD454-0F2E-4397-A1C8-05E37C6AfD699}</FilteredViewIds>
                <EnableViewPicker>false</EnableViewPicker>
              </data-set>
              <EntityTypeCode static="true" type="Decimal">1</EntityTypeCode>
              <Location static="true" type="Decimal">1</Location>
              <msinternal.isvisibleinmocaonly static="true">true</msinternal.isvisibleinmocaonly>
            </parameters>
          </customControl>
          <customControl formFactor="1" name="MscrmControls.CardFeedContainer.CardFeedContainer">
            <parameters>
              <data-set name="SubGrid">
                <ViewId>{92AFD454-0F2E-4397-A1C8-05E37C6AD699}</ViewId>
                <IsUserView>false</IsUserView>
                <TargetEntityType>actioncard</TargetEntityType>
                <FilteredViewIds>{92AFD454-0F2E-4397-A1C8-05E37C6AfD699}</FilteredViewIds>
                <EnableViewPicker>false</EnableViewPicker>
              </data-set>
              <EntityTypeCode static="true" type="Decimal">1</EntityTypeCode>
              <Location static="true" type="Decimal">1</Location>
              <msinternal.isvisibleinmocaonly static="true">true</msinternal.isvisibleinmocaonly>
            </parameters>
          </customControl>
        </controlDescription>
      </controlDescriptions>
      <DisplayConditions FallbackForm="true" Order="4">
        <Role Id="{627090ff-40a3-4053-8790-584edc5be201}" />
        <Role Id="{119f245c-3cc8-4b62-b31c-d1a046ced15d}" />
      </DisplayConditions>
      <footer id="{d1d7b9dc-fe4d-40c4-a72e-2c92c9ffbeec}" celllabelposition="Top" columns="111" labelwidth="115" celllabelalignment="Left">
        <rows>
          <row>
            <cell id="{5b6acea4-65cc-4617-a6ec-eb9c6af4ddbd}" showlabel="false" labelid="{bc3104dc-0557-445c-bee7-b40067a36dda}">
              <labels>
                <label description="" languagecode="1033" />
              </labels>
            </cell>
            <cell id="{bfccd9f8-4855-4f8e-a382-832014884873}" showlabel="false" labelid="{3d74a22d-e4cd-47a4-8662-9956bb3aecb5}">
              <labels>
                <label description="" languagecode="1033" />
              </labels>
            </cell>
            <cell id="{0470e585-3fda-43b3-b041-5f6bcb911d9e}" showlabel="false" labelid="{52366b19-7f3f-4d90-b715-6b08f774a7d4}">
              <labels>
                <label description="" languagecode="1033" />
              </labels>
            </cell>
          </row>
        </rows>
      </footer>
    </form>
    <IsCustomizable>1</IsCustomizable>
    <CanBeDeleted>1</CanBeDeleted>
    <LocalizedNames>
      <LocalizedName description="Account - Sales form" languagecode="1033" />
    </LocalizedNames>
    <Descriptions>
      <Description description="Updated default Account form." languagecode="1033" />
    </Descriptions>
  </systemform>
</forms>