﻿<?xml version="1.0" encoding="utf-8"?>
<ImportExportXml xmlns:xsi="http://www.w3.org/2001/XMLSchema-instance">
  <Entities />
  <Roles />
  <Workflows />
  <FieldSecurityProfiles />
  <Templates />
  <EntityMaps />
  <EntityRelationships />
  <OrganizationSettings />
  <optionsets />
  <Dashboards />
  <WebResources />
  <CustomControls />
  <SolutionPluginAssemblies />
  <SdkMessageProcessingSteps />
  <AppModuleSiteMaps />
  <AppModules />
  <EntityDataProviders />
  <CanvasApps />
  <connectionreferences>
    <connectionreference connectionreferencelogicalname="p365i_sharedcommondataserviceforapps_b314c">
      <connectionreferencedisplayname>Microsoft Dataverse Power365CRMSalesSolution-b314c</connectionreferencedisplayname>
      <connectorid>/providers/Microsoft.PowerApps/apis/shared_commondataserviceforapps</connectorid>
      <iscustomizable>1</iscustomizable>
      <statecode>0</statecode>
      <statuscode>1</statuscode>
    </connectionreference>
  </connectionreferences>
  <Languages>
    <Language>1033</Language>
  </Languages>
</ImportExportXml>