﻿<?xml version="1.0" encoding="utf-8"?>
<EntityMaps xmlns:xsi="http://www.w3.org/2001/XMLSchema-instance">
  <EntityMap>
    <EntitySource>p365i_opportunity</EntitySource>
    <EntityTarget>p365i_opportunityproduct</EntityTarget>
    <AttributeMaps>
      <AttributeMap>
        <AttributeSource>p365i_pricelist</AttributeSource>
        <AttributeTarget>p365i_pricelist</AttributeTarget>
      </AttributeMap>
      <AttributeMap>
        <AttributeSource>transactioncurrencyid</AttributeSource>
        <AttributeTarget>transactioncurrencyid</AttributeTarget>
      </AttributeMap>
    </AttributeMaps>
  </EntityMap>
  <EntityMap>
    <EntitySource>p365i_opportunity</EntitySource>
    <EntityTarget>p365i_quote</EntityTarget>
    <AttributeMaps>
      <AttributeMap>
        <AttributeSource>p365i_parentaccountid</AttributeSource>
        <AttributeTarget>p365i_account</AttributeTarget>
      </AttributeMap>
      <AttributeMap>
        <AttributeSource>p365i_parentcontactid</AttributeSource>
        <AttributeTarget>p365i_contact</AttributeTarget>
      </AttributeMap>
      <AttributeMap>
        <AttributeSource>p365i_pricelist</AttributeSource>
        <AttributeTarget>p365i_pricelist</AttributeTarget>
      </AttributeMap>
      <AttributeMap>
        <AttributeSource>p365i_topic</AttributeSource>
        <AttributeTarget>p365i_topic</AttributeTarget>
      </AttributeMap>
    </AttributeMaps>
  </EntityMap>
  <EntityMap>
    <EntitySource>p365i_opportunityproduct</EntitySource>
    <EntityTarget>p365i_quoteproduct</EntityTarget>
    <AttributeMaps>
      <AttributeMap>
        <AttributeSource>p365i_existingproduct</AttributeSource>
        <AttributeTarget>p365i_existingproduct</AttributeTarget>
      </AttributeMap>
      <AttributeMap>
        <AttributeSource>p365i_pricelist</AttributeSource>
        <AttributeTarget>p365i_pricelist</AttributeTarget>
      </AttributeMap>
      <AttributeMap>
        <AttributeSource>p365i_product</AttributeSource>
        <AttributeTarget>p365i_product</AttributeTarget>
      </AttributeMap>
      <AttributeMap>
        <AttributeSource>p365i_quantity</AttributeSource>
        <AttributeTarget>p365i_quantity</AttributeTarget>
      </AttributeMap>
      <AttributeMap>
        <AttributeSource>p365i_salesunit</AttributeSource>
        <AttributeTarget>p365i_salesunit</AttributeTarget>
      </AttributeMap>
      <AttributeMap>
        <AttributeSource>p365i_selectproduct</AttributeSource>
        <AttributeTarget>p365i_selectproduct</AttributeTarget>
      </AttributeMap>
      <AttributeMap>
        <AttributeSource>p365i_tax</AttributeSource>
        <AttributeTarget>p365i_tax</AttributeTarget>
      </AttributeMap>
      <AttributeMap>
        <AttributeSource>p365i_unitcost</AttributeSource>
        <AttributeTarget>p365i_unitcost</AttributeTarget>
      </AttributeMap>
      <AttributeMap>
        <AttributeSource>transactioncurrencyid</AttributeSource>
        <AttributeTarget>transactioncurrencyid</AttributeTarget>
      </AttributeMap>
    </AttributeMaps>
  </EntityMap>
  <EntityMap>
    <EntitySource>p365i_prospect</EntitySource>
    <EntityTarget>account</EntityTarget>
    <AttributeMaps>
      <AttributeMap>
        <AttributeSource>emailaddress</AttributeSource>
        <AttributeTarget>emailaddress1</AttributeTarget>
      </AttributeMap>
      <AttributeMap>
        <AttributeSource>p365i_annualrevenue</AttributeSource>
        <AttributeTarget>revenue</AttributeTarget>
      </AttributeMap>
      <AttributeMap>
        <AttributeSource>p365i_businessphone</AttributeSource>
        <AttributeTarget>telephone1</AttributeTarget>
      </AttributeMap>
      <AttributeMap>
        <AttributeSource>p365i_company</AttributeSource>
        <AttributeTarget>name</AttributeTarget>
      </AttributeMap>
      <AttributeMap>
        <AttributeSource>p365i_mobilephone</AttributeSource>
        <AttributeTarget>address1_telephone1</AttributeTarget>
      </AttributeMap>
    </AttributeMaps>
  </EntityMap>
  <EntityMap>
    <EntitySource>p365i_prospect</EntitySource>
    <EntityTarget>contact</EntityTarget>
    <AttributeMaps>
      <AttributeMap>
        <AttributeSource>emailaddress</AttributeSource>
        <AttributeTarget>emailaddress1</AttributeTarget>
      </AttributeMap>
      <AttributeMap>
        <AttributeSource>p365i_businessphone</AttributeSource>
        <AttributeTarget>telephone1</AttributeTarget>
      </AttributeMap>
      <AttributeMap>
        <AttributeSource>p365i_firstname</AttributeSource>
        <AttributeTarget>firstname</AttributeTarget>
      </AttributeMap>
      <AttributeMap>
        <AttributeSource>p365i_jobtitle</AttributeSource>
        <AttributeTarget>jobtitle</AttributeTarget>
      </AttributeMap>
      <AttributeMap>
        <AttributeSource>p365i_lastname</AttributeSource>
        <AttributeTarget>lastname</AttributeTarget>
      </AttributeMap>
      <AttributeMap>
        <AttributeSource>p365i_mobilephone</AttributeSource>
        <AttributeTarget>mobilephone</AttributeTarget>
      </AttributeMap>
    </AttributeMaps>
  </EntityMap>
  <EntityMap>
    <EntitySource>p365i_prospect</EntitySource>
    <EntityTarget>p365i_opportunity</EntityTarget>
    <AttributeMaps>
      <AttributeMap>
        <AttributeSource>p365i_budgetamount</AttributeSource>
        <AttributeTarget>p365i_budgetamount</AttributeTarget>
      </AttributeMap>
      <AttributeMap>
        <AttributeSource>p365i_description</AttributeSource>
        <AttributeTarget>p365i_description</AttributeTarget>
      </AttributeMap>
      <AttributeMap>
        <AttributeSource>p365i_purchaseprocess</AttributeSource>
        <AttributeTarget>p365i_purchaseprocess</AttributeTarget>
      </AttributeMap>
      <AttributeMap>
        <AttributeSource>p365i_purchasetimeframe</AttributeSource>
        <AttributeTarget>p365i_purchasetimeframe</AttributeTarget>
      </AttributeMap>
      <AttributeMap>
        <AttributeSource>p365i_topic</AttributeSource>
        <AttributeTarget>p365i_topic</AttributeTarget>
      </AttributeMap>
      <AttributeMap>
        <AttributeSource>transactioncurrencyid</AttributeSource>
        <AttributeTarget>transactioncurrencyid</AttributeTarget>
      </AttributeMap>
    </AttributeMaps>
  </EntityMap>
  <EntityMap>
    <EntitySource>p365i_quote</EntitySource>
    <EntityTarget>p365i_quoteproduct</EntityTarget>
    <AttributeMaps>
      <AttributeMap>
        <AttributeSource>p365i_discount</AttributeSource>
        <AttributeTarget>p365i_manualdiscount</AttributeTarget>
      </AttributeMap>
      <AttributeMap>
        <AttributeSource>p365i_pricelist</AttributeSource>
        <AttributeTarget>p365i_pricelist</AttributeTarget>
      </AttributeMap>
      <AttributeMap>
        <AttributeSource>p365i_totaltax</AttributeSource>
        <AttributeTarget>p365i_tax</AttributeTarget>
      </AttributeMap>
      <AttributeMap>
        <AttributeSource>transactioncurrencyid</AttributeSource>
        <AttributeTarget>transactioncurrencyid</AttributeTarget>
      </AttributeMap>
    </AttributeMaps>
  </EntityMap>
</EntityMaps>