﻿<?xml version="1.0" encoding="utf-8"?>
<EntityRelationships xmlns:xsi="http://www.w3.org/2001/XMLSchema-instance">
  <EntityRelationship Name="bpf_p365i_opportunity_p365i_prospecttoopportunity" />
  <EntityRelationship Name="bpf_p365i_opportunity_p365i_salesprocess" />
  <EntityRelationship Name="bpf_p365i_prospect_p365i_prospecttoopportunity" />
  <EntityRelationship Name="business_unit_p365i_accountplan" />
  <EntityRelationship Name="business_unit_p365i_actionplan" />
  <EntityRelationship Name="business_unit_p365i_actionplanactivitytemplate" />
  <EntityRelationship Name="business_unit_p365i_actionplantemplate" />
  <EntityRelationship Name="business_unit_p365i_listitem" />
  <EntityRelationship Name="business_unit_p365i_opportunity" />
  <EntityRelationship Name="business_unit_p365i_opportunityclosure" />
  <EntityRelationship Name="business_unit_p365i_opportunityproduct" />
  <EntityRelationship Name="business_unit_p365i_pricelist" />
  <EntityRelationship Name="business_unit_p365i_product" />
  <EntityRelationship Name="business_unit_p365i_prospect" />
  <EntityRelationship Name="business_unit_p365i_quote" />
  <EntityRelationship Name="business_unit_p365i_quoteproduct" />
  <EntityRelationship Name="business_unit_p365i_salesunit" />
  <EntityRelationship Name="lk_p365i_accountplan_createdby" />
  <EntityRelationship Name="lk_p365i_accountplan_modifiedby" />
  <EntityRelationship Name="lk_p365i_actionplan_createdby" />
  <EntityRelationship Name="lk_p365i_actionplan_modifiedby" />
  <EntityRelationship Name="lk_p365i_actionplanactivitytemplate_createdby" />
  <EntityRelationship Name="lk_p365i_actionplanactivitytemplate_modifiedby" />
  <EntityRelationship Name="lk_p365i_actionplantemplate_createdby" />
  <EntityRelationship Name="lk_p365i_actionplantemplate_modifiedby" />
  <EntityRelationship Name="lk_p365i_listitem_createdby" />
  <EntityRelationship Name="lk_p365i_listitem_modifiedby" />
  <EntityRelationship Name="lk_p365i_opportunity_createdby" />
  <EntityRelationship Name="lk_p365i_opportunity_modifiedby" />
  <EntityRelationship Name="lk_p365i_opportunityclosure_createdby" />
  <EntityRelationship Name="lk_p365i_opportunityclosure_modifiedby" />
  <EntityRelationship Name="lk_p365i_opportunityproduct_createdby" />
  <EntityRelationship Name="lk_p365i_opportunityproduct_modifiedby" />
  <EntityRelationship Name="lk_p365i_pricelist_createdby" />
  <EntityRelationship Name="lk_p365i_pricelist_modifiedby" />
  <EntityRelationship Name="lk_p365i_product_createdby" />
  <EntityRelationship Name="lk_p365i_product_modifiedby" />
  <EntityRelationship Name="lk_p365i_prospect_createdby" />
  <EntityRelationship Name="lk_p365i_prospect_modifiedby" />
  <EntityRelationship Name="lk_p365i_prospecttoopportunity_activestageid" />
  <EntityRelationship Name="lk_p365i_prospecttoopportunity_createdby" />
  <EntityRelationship Name="lk_p365i_prospecttoopportunity_modifiedby" />
  <EntityRelationship Name="lk_p365i_prospecttoopportunity_processid" />
  <EntityRelationship Name="lk_p365i_quote_createdby" />
  <EntityRelationship Name="lk_p365i_quote_modifiedby" />
  <EntityRelationship Name="lk_p365i_quoteproduct_createdby" />
  <EntityRelationship Name="lk_p365i_quoteproduct_modifiedby" />
  <EntityRelationship Name="lk_p365i_salesprocess_activestageid" />
  <EntityRelationship Name="lk_p365i_salesprocess_createdby" />
  <EntityRelationship Name="lk_p365i_salesprocess_modifiedby" />
  <EntityRelationship Name="lk_p365i_salesprocess_processid" />
  <EntityRelationship Name="lk_p365i_salesunit_createdby" />
  <EntityRelationship Name="lk_p365i_salesunit_modifiedby" />
  <EntityRelationship Name="organization_p365i_prospecttoopportunity" />
  <EntityRelationship Name="organization_p365i_salesprocess" />
  <EntityRelationship Name="owner_p365i_accountplan" />
  <EntityRelationship Name="owner_p365i_actionplan" />
  <EntityRelationship Name="owner_p365i_actionplanactivitytemplate" />
  <EntityRelationship Name="owner_p365i_actionplantemplate" />
  <EntityRelationship Name="owner_p365i_listitem" />
  <EntityRelationship Name="owner_p365i_opportunity" />
  <EntityRelationship Name="owner_p365i_opportunityclosure" />
  <EntityRelationship Name="owner_p365i_opportunityproduct" />
  <EntityRelationship Name="owner_p365i_pricelist" />
  <EntityRelationship Name="owner_p365i_product" />
  <EntityRelationship Name="owner_p365i_prospect" />
  <EntityRelationship Name="owner_p365i_quote" />
  <EntityRelationship Name="owner_p365i_quoteproduct" />
  <EntityRelationship Name="owner_p365i_salesunit" />
  <EntityRelationship Name="p365i_account_OriginatingProspect_p365i_prospec" />
  <EntityRelationship Name="p365i_contact_OriginatingProspect_p365i_prospec" />
  <EntityRelationship Name="p365i_p365i_accountplan_Account_account" />
  <EntityRelationship Name="p365i_p365i_listitem_PriceList_p365i_pricelist" />
  <EntityRelationship Name="p365i_p365i_listitem_Product_p365i_product" />
  <EntityRelationship Name="p365i_p365i_listitem_SalesUnit_p365i_salesunit" />
  <EntityRelationship Name="p365i_p365i_opportunity_AccountPlan_p365i_accou" />
  <EntityRelationship Name="p365i_p365i_opportunity_parentAccountid_account" />
  <EntityRelationship Name="p365i_p365i_opportunity_parentContactid_contact" />
  <EntityRelationship Name="p365i_p365i_opportunity_PriceList_p365i_priceli" />
  <EntityRelationship Name="p365i_p365i_opportunity_Prospect_p365i_prospect" />
  <EntityRelationship Name="p365i_p365i_opportunityclosure_Opportunity_p365" />
  <EntityRelationship Name="p365i_p365i_opportunityproduct_ExistingProduct_" />
  <EntityRelationship Name="p365i_p365i_opportunityproduct_Opportunity_p365" />
  <EntityRelationship Name="p365i_p365i_opportunityproduct_PriceList_p365i_" />
  <EntityRelationship Name="p365i_p365i_opportunityproduct_SalesUnit_p365i_" />
  <EntityRelationship Name="p365i_p365i_pricelist_Currency_transactioncurre" />
  <EntityRelationship Name="p365i_p365i_prospect_parentaccontid_account" />
  <EntityRelationship Name="p365i_p365i_prospect_parentcontactfid_contact" />
  <EntityRelationship Name="p365i_p365i_quote_Account_account" />
  <EntityRelationship Name="p365i_p365i_quote_Contact_contact" />
  <EntityRelationship Name="p365i_p365i_quote_Opportunity_p365i_opportunity" />
  <EntityRelationship Name="p365i_p365i_quote_PriceList_p365i_pricelist" />
  <EntityRelationship Name="p365i_p365i_quoteproduct_ExistingProduct_p365i_" />
  <EntityRelationship Name="p365i_p365i_quoteproduct_OpportunityProduct_p36" />
  <EntityRelationship Name="p365i_p365i_quoteproduct_PriceList_p365i_pricel" />
  <EntityRelationship Name="p365i_p365i_quoteproduct_Quote_p365i_quote" />
  <EntityRelationship Name="p365i_p365i_quoteproduct_SalesUnit_p365i_salesu" />
  <EntityRelationship Name="p365i_SalesUnit_p365i_Product_p365i_Produ" />
  <EntityRelationship Name="team_p365i_accountplan" />
  <EntityRelationship Name="team_p365i_actionplan" />
  <EntityRelationship Name="team_p365i_actionplanactivitytemplate" />
  <EntityRelationship Name="team_p365i_actionplantemplate" />
  <EntityRelationship Name="team_p365i_listitem" />
  <EntityRelationship Name="team_p365i_opportunity" />
  <EntityRelationship Name="team_p365i_opportunityclosure" />
  <EntityRelationship Name="team_p365i_opportunityproduct" />
  <EntityRelationship Name="team_p365i_pricelist" />
  <EntityRelationship Name="team_p365i_product" />
  <EntityRelationship Name="team_p365i_prospect" />
  <EntityRelationship Name="team_p365i_quote" />
  <EntityRelationship Name="team_p365i_quoteproduct" />
  <EntityRelationship Name="team_p365i_salesunit" />
  <EntityRelationship Name="TransactionCurrency_p365i_ListItem" />
  <EntityRelationship Name="TransactionCurrency_p365i_Opportunity" />
  <EntityRelationship Name="TransactionCurrency_p365i_OpportunityClosure" />
  <EntityRelationship Name="TransactionCurrency_p365i_OpportunityProduct" />
  <EntityRelationship Name="TransactionCurrency_p365i_Prospect" />
  <EntityRelationship Name="TransactionCurrency_p365i_Quote" />
  <EntityRelationship Name="TransactionCurrency_p365i_QuoteProduct" />
  <EntityRelationship Name="user_p365i_accountplan" />
  <EntityRelationship Name="user_p365i_actionplan" />
  <EntityRelationship Name="user_p365i_actionplanactivitytemplate" />
  <EntityRelationship Name="user_p365i_actionplantemplate" />
  <EntityRelationship Name="user_p365i_listitem" />
  <EntityRelationship Name="user_p365i_opportunity" />
  <EntityRelationship Name="user_p365i_opportunityclosure" />
  <EntityRelationship Name="user_p365i_opportunityproduct" />
  <EntityRelationship Name="user_p365i_pricelist" />
  <EntityRelationship Name="user_p365i_product" />
  <EntityRelationship Name="user_p365i_prospect" />
  <EntityRelationship Name="user_p365i_quote" />
  <EntityRelationship Name="user_p365i_quoteproduct" />
  <EntityRelationship Name="user_p365i_salesunit" />
</EntityRelationships>