﻿<?xml version="1.0" encoding="utf-8"?>
<forms xmlns:xsi="http://www.w3.org/2001/XMLSchema-instance">
  <systemform>
    <formid>{0eda2a71-ef98-4be8-b981-5f5a28d05381}</formid>
    <IntroducedVersion>1.0</IntroducedVersion>
    <FormPresentation>1</FormPresentation>
    <FormActivationState>1</FormActivationState>
    <form>
      <tabs>
        <tab verticallayout="true" id="{f2e1660d-0ab6-467a-82d1-c6ea39f9970f}" IsUserDefined="1">
          <labels>
            <label description="" languagecode="1033" />
          </labels>
          <columns>
            <column width="100%">
              <sections>
                <section showlabel="false" showbar="false" IsUserDefined="0" id="{3398a2b5-f8ad-4f86-bd20-3208cbc7a5df}">
                  <labels>
                    <label description="GENERAL" languagecode="1033" />
                  </labels>
                  <rows>
                    <row>
                      <cell id="{1610bf7e-2ae1-4d67-8618-3bf2663ff6b8}" visible="false">
                        <labels>
                          <label description="" languagecode="1033" />
                        </labels>
                        <control id="p365i_name" classid="{4273EDBD-AC1D-40d3-9FB2-095C621B552D}" datafieldname="p365i_name" />
                      </cell>
                    </row>
                    <row>
                      <cell id="{fcc2d393-8387-4401-9f8c-5a1593299eef}" showlabel="true" visible="false">
                        <labels>
                          <label description="" languagecode="1033" />
                        </labels>
                        <control id="ownerid" classid="{270BD3DB-D9AF-4782-9025-509E298DEC0A}" datafieldname="ownerid" />
                      </cell>
                    </row>
                    <row>
                      <cell id="{74ef9dea-f9ac-4be5-b277-2f4cf9026ff3}" locklevel="0" colspan="1" rowspan="1">
                        <labels>
                          <label description="" languagecode="1033" />
                        </labels>
                        <control id="p365i_price" classid="{533B9E00-756B-4312-95A0-DC888637AC78}" datafieldname="p365i_price" disabled="false" />
                      </cell>
                    </row>
                    <row>
                      <cell id="{04d5a4d9-5c81-451f-bd22-f0f787d9456d}" locklevel="0" colspan="1" rowspan="1">
                        <labels>
                          <label description="" languagecode="1033" />
                        </labels>
                        <control id="p365i_salesunit" classid="{270BD3DB-D9AF-4782-9025-509E298DEC0A}" datafieldname="p365i_salesunit" disabled="false" />
                      </cell>
                    </row>
                  </rows>
                </section>
              </sections>
            </column>
          </columns>
        </tab>
      </tabs>
      <DisplayConditions Order="0" FallbackForm="true">
        <Everyone />
      </DisplayConditions>
    </form>
    <IsCustomizable>1</IsCustomizable>
    <CanBeDeleted>1</CanBeDeleted>
    <LocalizedNames>
      <LocalizedName description="Information" languagecode="1033" />
    </LocalizedNames>
  </systemform>
</forms>