﻿<?xml version="1.0" encoding="utf-8"?>
<forms xmlns:xsi="http://www.w3.org/2001/XMLSchema-instance">
  <systemform>
    <formid>{70dec15d-c87b-ee11-8179-00224840d636}</formid>
    <IntroducedVersion>1.0.0.0</IntroducedVersion>
    <FormPresentation>1</FormPresentation>
    <FormActivationState>1</FormActivationState>
    <form>
      <tabs>
        <tab id="ACBA75B7-97B6-4116-AA55-51312992B721" name="tab_1" showlabel="false" labelid="{d7e60e20-a6c1-4469-8abc-bc14e185832f}">
          <labels>
            <label description="New Tab" languagecode="1033" />
          </labels>
          <columns>
            <column width="100%">
              <sections>
                <section id="AD49B5BF-256F-46A8-9C75-947146172EB9" name="tab_1_column_1_section_1" columns="1" showlabel="false" showbar="false" IsUserDefined="0" labelwidth="130" labelid="{985f05e9-27b8-4a17-bd2d-203ad2562e2e}">
                  <labels>
                    <label description="New Section" languagecode="1033" />
                  </labels>
                  <rows>
                    <row>
                      <cell id="C0550AC7-0F44-45A4-8EF5-D2911C0689D9" labelid="{286f40ea-b554-4a3d-9ea1-84d5d8190fcd}">
                        <labels>
                          <label description="" languagecode="1033" />
                        </labels>
                      </cell>
                    </row>
                    <row>
                      <cell id="{5d6d30ce-dd22-4912-a97f-d3d956f6c25c}" locklevel="0" colspan="1" rowspan="1" labelid="{505d37b0-94fb-470c-8882-ae9581ad6bc5}">
                        <labels>
                          <label description="Sales Unit" languagecode="1033" />
                        </labels>
                        <control id="p365i_salesunit" classid="{270BD3DB-D9AF-4782-9025-509E298DEC0A}" datafieldname="p365i_salesunit" disabled="false" />
                      </cell>
                    </row>
                  </rows>
                </section>
              </sections>
            </column>
          </columns>
        </tab>
      </tabs>
      <DisplayConditions Order="1" FallbackForm="true">
        <Role Id="{627090ff-40a3-4053-8790-584edc5be201}" />
        <Role Id="{119f245c-3cc8-4b62-b31c-d1a046ced15d}" />
      </DisplayConditions>
    </form>
    <IsCustomizable>1</IsCustomizable>
    <CanBeDeleted>1</CanBeDeleted>
    <LocalizedNames>
      <LocalizedName description="Sales Unit" languagecode="1033" />
    </LocalizedNames>
  </systemform>
</forms>