﻿<?xml version="1.0" encoding="utf-8"?>
<forms xmlns:xsi="http://www.w3.org/2001/XMLSchema-instance">
  <systemform>
    <formid>{8fc47389-c87b-ee11-8179-00224840d636}</formid>
    <IntroducedVersion>1.0.0.0</IntroducedVersion>
    <FormPresentation>1</FormPresentation>
    <FormActivationState>1</FormActivationState>
    <form>
      <tabs>
        <tab id="ACBA75B7-97B6-4116-AA55-51312992B721" name="tab_1" showlabel="false" labelid="{d2d1f1e9-c0c5-49f5-9e6d-0fab91f131b4}">
          <labels>
            <label description="Tab" languagecode="1033" />
          </labels>
          <columns>
            <column width="100%">
              <sections>
                <section id="AD49B5BF-256F-46A8-9C75-947146172EB9" name="tab_1_column_1_section_1" columns="1" showlabel="false" showbar="false" IsUserDefined="0" labelwidth="130" labelid="{0ce7eb93-6ec4-46fe-9483-072714c8273a}">
                  <labels>
                    <label description="New Section" languagecode="1033" />
                  </labels>
                  <rows>
                    <row>
                      <cell id="C0550AC7-0F44-45A4-8EF5-D2911C0689D9" labelid="{a18156df-dda0-480d-8639-cb7c4823fc9d}">
                        <labels>
                          <label description="" languagecode="1033" />
                        </labels>
                      </cell>
                    </row>
                    <row>
                      <cell id="{f21dbf71-c858-4a46-a04a-be1ecf5964c6}" locklevel="0" colspan="1" rowspan="1" labelid="{400584cc-05d4-46cc-be16-a5e1b99858a4}">
                        <labels>
                          <label description="Price" languagecode="1033" />
                        </labels>
                        <control id="p365i_price" classid="{533B9E00-756B-4312-95A0-DC888637AC78}" datafieldname="p365i_price" disabled="false" />
                      </cell>
                    </row>
                  </rows>
                </section>
              </sections>
            </column>
          </columns>
        </tab>
      </tabs>
      <DisplayConditions Order="2" FallbackForm="true">
        <Role Id="{627090ff-40a3-4053-8790-584edc5be201}" />
        <Role Id="{119f245c-3cc8-4b62-b31c-d1a046ced15d}" />
      </DisplayConditions>
    </form>
    <IsCustomizable>1</IsCustomizable>
    <CanBeDeleted>1</CanBeDeleted>
    <LocalizedNames>
      <LocalizedName description="Price" languagecode="1033" />
    </LocalizedNames>
  </systemform>
</forms>