﻿<?xml version="1.0" encoding="utf-8"?>
<forms xmlns:xsi="http://www.w3.org/2001/XMLSchema-instance">
  <systemform>
    <formid>{7b390939-b36f-4e71-92cb-3264875ab2f3}</formid>
    <IntroducedVersion>1.0</IntroducedVersion>
    <FormPresentation>1</FormPresentation>
    <FormActivationState>1</FormActivationState>
    <form>
      <tabs>
        <tab verticallayout="true" id="{bcb27731-6ecf-4fd8-b7fe-2d3cc1165792}" IsUserDefined="1">
          <labels>
            <label description="" languagecode="1033" />
          </labels>
          <columns>
            <column width="100%">
              <sections>
                <section showlabel="false" showbar="false" IsUserDefined="0" id="{e223588f-f731-41d1-912e-ceb14289f3ea}">
                  <labels>
                    <label description="GENERAL" languagecode="1033" />
                  </labels>
                  <rows>
                    <row>
                      <cell id="{2a8a76da-2d8c-414c-8d9e-6c31e30daebe}">
                        <labels>
                          <label description="" languagecode="1033" />
                        </labels>
                        <control id="p365i_topic" classid="{4273EDBD-AC1D-40d3-9FB2-095C621B552D}" datafieldname="p365i_topic" />
                      </cell>
                    </row>
                    <row>
                      <cell id="{d84e1fcd-f7cf-4043-8200-035554ede50b}">
                        <labels>
                          <label description="" languagecode="1033" />
                        </labels>
                        <control id="ownerid" classid="{270BD3DB-D9AF-4782-9025-509E298DEC0A}" datafieldname="ownerid" />
                      </cell>
                    </row>
                  </rows>
                </section>
              </sections>
            </column>
          </columns>
        </tab>
      </tabs>
    </form>
    <IsCustomizable>1</IsCustomizable>
    <CanBeDeleted>1</CanBeDeleted>
    <LocalizedNames>
      <LocalizedName description="Information" languagecode="1033" />
    </LocalizedNames>
  </systemform>
</forms>