﻿<?xml version="1.0" encoding="utf-8"?>
<forms xmlns:xsi="http://www.w3.org/2001/XMLSchema-instance">
  <systemform>
    <formid>{478153a6-c8b2-4abc-8550-8c1d75b5ba56}</formid>
    <IntroducedVersion>1.0</IntroducedVersion>
    <FormPresentation>1</FormPresentation>
    <FormActivationState>1</FormActivationState>
    <form headerdensity="HighWithControls">
      <tabs>
        <tab verticallayout="true" id="{506ec493-5155-4839-90d5-25ac64c4626a}" IsUserDefined="1">
          <labels>
            <label description="General" languagecode="1033" />
          </labels>
          <columns>
            <column width="100%">
              <sections>
                <section showlabel="false" showbar="false" IsUserDefined="0" id="{dbc1eebd-bed5-44c1-b6ff-982c3172ca1c}" columns="11">
                  <labels>
                    <label description="General" languagecode="1033" />
                  </labels>
                  <rows>
                    <row>
                      <cell id="{e239fa91-6219-454e-b915-30132215213d}">
                        <labels>
                          <label description="Name" languagecode="1033" />
                        </labels>
                        <control id="p365i_name" classid="{4273EDBD-AC1D-40d3-9FB2-095C621B552D}" datafieldname="p365i_name" />
                      </cell>
                    </row>
                    <row>
                      <cell id="{c2ab3b3a-737e-4a9c-9489-719f2f058205}" locklevel="0" colspan="1" rowspan="1">
                        <labels>
                          <label description="Product ID" languagecode="1033" />
                        </labels>
                        <control id="p365i_idproduct" classid="{4273EDBD-AC1D-40D3-9FB2-095C621B552D}" datafieldname="p365i_idproduct" disabled="false" />
                      </cell>
                      <cell locklevel="0" id="{6c979b46-82d4-48e9-bbda-e4894de8946a}">
                        <labels>
                          <label description="" languagecode="1033" />
                        </labels>
                      </cell>
                    </row>
                    <row>
                      <cell locklevel="0" id="{2804b6ac-80a5-485f-9030-88a0b2ae856c}">
                        <labels>
                          <label description="" languagecode="1033" />
                        </labels>
                      </cell>
                      <cell id="{b35f3a7f-8e98-4443-a1e2-730b984eb285}" locklevel="0" colspan="1" rowspan="1">
                        <labels>
                          <label description="Type" languagecode="1033" />
                        </labels>
                        <control id="p365i_type" classid="{3EF39988-22BB-4F0B-BBBE-64B5A3748AEE}" datafieldname="p365i_type" disabled="false" />
                      </cell>
                    </row>
                  </rows>
                </section>
                <section name="null_section_3" id="a7832af2-154a-4595-9837-2a9c0313cb0b" IsUserDefined="0" locklevel="0" showlabel="false" showbar="false" layout="varwidth" celllabelalignment="Left" celllabelposition="Left" columns="1" labelwidth="115">
                  <labels>
                    <label description="New Section" languagecode="1033" />
                  </labels>
                  <rows>
                    <row />
                    <row>
                      <cell locklevel="0" id="{53a9496b-3cd2-4f45-a2cf-0f9d8674bc60}" rowspan="4" colspan="1" auto="false" showlabel="true">
                        <labels>
                          <label description="Sales Units" languagecode="1033" />
                        </labels>
                        <control indicationOfSubgrid="true" id="Subgrid_new_1" classid="{E7A81278-8635-4D9E-8D4D-59480B391C5B}">
                          <parameters>
                            <RecordsPerPage>4</RecordsPerPage>
                            <AutoExpand>Fixed</AutoExpand>
                            <EnableQuickFind>false</EnableQuickFind>
                            <EnableViewPicker>false</EnableViewPicker>
                            <EnableChartPicker>true</EnableChartPicker>
                            <ChartGridMode>All</ChartGridMode>
                            <TargetEntityType>p365i_salesunit</TargetEntityType>
                            <ViewId>{70CC5437-768B-41A0-9DAE-FEF1CFC90ED9}</ViewId>
                            <ViewIds>{70CC5437-768B-41A0-9DAE-FEF1CFC90ED9}</ViewIds>
                            <RelationshipName>p365i_SalesUnit_p365i_Product_p365i_Produ</RelationshipName>
                          </parameters>
                        </control>
                      </cell>
                    </row>
                    <row />
                    <row />
                    <row />
                  </rows>
                </section>
              </sections>
            </column>
          </columns>
        </tab>
      </tabs>
      <header id="{af9116d4-b518-4934-9eb9-111058da18bb}" celllabelposition="Top" columns="111" labelwidth="115" celllabelalignment="Left">
        <rows>
          <row>
            <cell id="{8050d47a-9aff-4500-831e-7c655e006d35}" showlabel="false">
              <labels>
                <label description="" languagecode="1033" />
              </labels>
            </cell>
            <cell id="{f28a32e9-ecb6-4f36-8a94-ee85ebd0031f}" showlabel="false">
              <labels>
                <label description="" languagecode="1033" />
              </labels>
            </cell>
            <cell id="{761de01c-22d9-411e-8ace-dec23a7014ca}" showlabel="false">
              <labels>
                <label description="" languagecode="1033" />
              </labels>
            </cell>
          </row>
        </rows>
      </header>
      <footer id="{39a402b4-ee8d-4393-8ee5-d4d87d1f0075}" celllabelposition="Top" columns="111" labelwidth="115" celllabelalignment="Left">
        <rows>
          <row>
            <cell id="{df591d2c-2793-4788-9fc8-e84fd3985f2b}" showlabel="false">
              <labels>
                <label description="" languagecode="1033" />
              </labels>
            </cell>
            <cell id="{efd68283-38dd-4c9e-8208-e63f8c87844e}" showlabel="false">
              <labels>
                <label description="" languagecode="1033" />
              </labels>
            </cell>
            <cell id="{b4188703-0d24-487a-bf6a-d7d54e8ee308}" showlabel="false">
              <labels>
                <label description="" languagecode="1033" />
              </labels>
            </cell>
          </row>
        </rows>
      </footer>
      <DisplayConditions Order="0" FallbackForm="true">
        <Everyone />
      </DisplayConditions>
    </form>
    <IsCustomizable>1</IsCustomizable>
    <CanBeDeleted>1</CanBeDeleted>
    <LocalizedNames>
      <LocalizedName description="Information" languagecode="1033" />
    </LocalizedNames>
    <Descriptions>
      <Description description="A form for this entity." languagecode="1033" />
    </Descriptions>
  </systemform>
</forms>