﻿<?xml version="1.0" encoding="utf-8"?>
<savedqueries xmlns:xsi="http://www.w3.org/2001/XMLSchema-instance">
  <savedquery>
    <IsCustomizable>1</IsCustomizable>
    <CanBeDeleted>0</CanBeDeleted>
    <isquickfindquery>0</isquickfindquery>
    <isprivate>0</isprivate>
    <isdefault>1</isdefault>
    <savedqueryid>{ad842b3f-c1e6-420a-9872-ea39252cf626}</savedqueryid>
    <layoutxml>
      <grid name="p365i_salesprocesses" jump="bpf_name" select="1" icon="1" preview="1">
        <row name="p365i_salesprocess" id="businessprocessflowinstanceid">
          <cell name="bpf_p365i_opportunityid" width="300" />
          <cell name="activestageid" width="150" />
          <cell name="statuscode" width="150" />
          <cell name="createdon" width="150" />
          <cell name="processid" width="300" />
        </row>
      </grid>
    </layoutxml>
    <querytype>2</querytype>
    <fetchxml>
      <fetch version="1.0" mapping="logical">
        <entity name="p365i_salesprocess">
          <attribute name="businessprocessflowinstanceid" />
          <attribute name="bpf_name" />
          <attribute name="createdon" />
          <attribute name="bpf_p365i_opportunityid" />
          <attribute name="activestageid" />
          <attribute name="statecode" />
          <attribute name="statuscode" />
          <attribute name="createdby" />
          <attribute name="processid" />
          <order attribute="bpf_name" descending="false" />
          <filter type="and">
            <condition attribute="statecode" operator="eq" value="0" />
          </filter>
        </entity>
      </fetch>
    </fetchxml>
    <IntroducedVersion>1.0</IntroducedVersion>
    <LocalizedNames>
      <LocalizedName description="Sales Process Associated View" languagecode="1033" />
    </LocalizedNames>
  </savedquery>
</savedqueries>