<customapi uniquename="p365i_QualifyProspect">
  <allowedcustomprocessingsteptype>0</allowedcustomprocessingsteptype>
  <bindingtype>0</bindingtype>
  <description default="This Custom API takes care of creating the account, contact, opportunity and updating the Prospect as Qualified.">
    <label description="This Custom API takes care of creating the account, contact, opportunity and updating the Prospect as Qualified." languagecode="1033" />
  </description>
  <displayname default="p365i_QualifyProspect">
    <label description="p365i_QualifyProspect" languagecode="1033" />
  </displayname>
  <iscustomizable>1</iscustomizable>
  <isfunction>0</isfunction>
  <isprivate>0</isprivate>
  <name>p365i_QualifyProspect</name>
  <plugintypeid>
    <plugintypeexportkey>6ead1150-1fa3-4078-b452-e2185ae9e0d2</plugintypeexportkey>
  </plugintypeid>
  <workflowsdkstepenabled>0</workflowsdkstepenabled>
</customapi>