﻿<?xml version="1.0" encoding="utf-8"?>
<savedqueries xmlns:xsi="http://www.w3.org/2001/XMLSchema-instance">
  <savedquery>
    <IsCustomizable>1</IsCustomizable>
    <CanBeDeleted>0</CanBeDeleted>
    <isquickfindquery>0</isquickfindquery>
    <isprivate>0</isprivate>
    <isdefault>1</isdefault>
    <savedqueryid>{63d89a3e-928d-4587-b6a0-022f055ab2f5}</savedqueryid>
    <layoutxml>
      <grid name="p365i_opportunityproducts" jump="p365i_product" select="1" icon="1" preview="1">
        <row name="p365i_opportunityproduct" id="p365i_opportunityproductid">
          <cell name="p365i_product" width="300" />
          <cell name="createdon" width="125" />
        </row>
      </grid>
    </layoutxml>
    <querytype>2</querytype>
    <fetchxml>
      <fetch version="1.0" mapping="logical">
        <entity name="p365i_opportunityproduct">
          <attribute name="p365i_opportunityproductid" />
          <attribute name="p365i_product" />
          <attribute name="createdon" />
          <order attribute="p365i_product" descending="false" />
          <filter type="and">
            <condition attribute="statecode" operator="eq" value="0" />
          </filter>
        </entity>
      </fetch>
    </fetchxml>
    <IntroducedVersion>1.0</IntroducedVersion>
    <LocalizedNames>
      <LocalizedName description="Opportunity Product Associated View" languagecode="1033" />
    </LocalizedNames>
  </savedquery>
</savedqueries>