﻿<?xml version="1.0" encoding="utf-8"?>
<savedqueries xmlns:xsi="http://www.w3.org/2001/XMLSchema-instance">
  <savedquery>
    <IsCustomizable>1</IsCustomizable>
    <CanBeDeleted>0</CanBeDeleted>
    <isquickfindquery>0</isquickfindquery>
    <isprivate>0</isprivate>
    <isdefault>1</isdefault>
    <savedqueryid>{7c6995c6-2a5e-493d-84b4-dc846fe6f1d6}</savedqueryid>
    <layoutxml>
      <grid name="p365i_opportunityproducts" jump="p365i_product" select="1" icon="1" preview="0">
        <row name="p365i_opportunityproduct" id="p365i_opportunityproductid">
          <cell name="p365i_product" width="300" />
          <cell name="createdon" width="125" />
        </row>
      </grid>
    </layoutxml>
    <querytype>64</querytype>
    <fetchxml>
      <fetch version="1.0" mapping="logical">
        <entity name="p365i_opportunityproduct">
          <attribute name="p365i_opportunityproductid" />
          <attribute name="p365i_product" />
          <attribute name="createdon" />
          <filter type="and">
            <condition attribute="statecode" operator="eq" value="0" />
          </filter>
        </entity>
      </fetch>
    </fetchxml>
    <IntroducedVersion>1.0</IntroducedVersion>
    <LocalizedNames>
      <LocalizedName description="Opportunity Product Lookup View" languagecode="1033" />
    </LocalizedNames>
  </savedquery>
</savedqueries>