﻿<?xml version="1.0" encoding="utf-8"?>
<savedqueries xmlns:xsi="http://www.w3.org/2001/XMLSchema-instance">
  <savedquery>
    <IsCustomizable>1</IsCustomizable>
    <CanBeDeleted>1</CanBeDeleted>
    <isquickfindquery>0</isquickfindquery>
    <isprivate>0</isprivate>
    <isdefault>0</isdefault>
    <savedqueryid>{929cff51-e87b-ee11-8179-00224841f5ce}</savedqueryid>
    <layoutxml>
      <grid name="resultset" jump="p365i_product" select="1" icon="1" preview="1">
        <row name="result" id="p365i_quoteproductid">
          <cell name="p365i_product" width="200" />
          <cell name="p365i_quantity" width="100" />
          <cell name="p365i_manualdiscount" width="137" />
          <cell name="p365i_tax" width="100" />
          <cell name="p365i_totalcost" width="100" />
        </row>
      </grid>
    </layoutxml>
    <querytype>0</querytype>
    <fetchxml>
      <fetch version="1.0" output-format="xml-platform" mapping="logical">
        <entity name="p365i_quoteproduct">
          <attribute name="p365i_product" />
          <attribute name="p365i_quoteproductid" />
          <attribute name="p365i_quantity" />
          <attribute name="p365i_totalcost" />
          <attribute name="p365i_manualdiscount" />
          <attribute name="p365i_tax" />
        </entity>
      </fetch>
    </fetchxml>
    <IntroducedVersion>1.0.0.0</IntroducedVersion>
    <LocalizedNames>
      <LocalizedName description="Quote Product Lines" languagecode="1033" />
    </LocalizedNames>
  </savedquery>
</savedqueries>