﻿<?xml version="1.0" encoding="utf-8"?>
<savedqueries xmlns:xsi="http://www.w3.org/2001/XMLSchema-instance">
  <savedquery>
    <IsCustomizable>1</IsCustomizable>
    <CanBeDeleted>0</CanBeDeleted>
    <isquickfindquery>0</isquickfindquery>
    <isprivate>0</isprivate>
    <isdefault>1</isdefault>
    <savedqueryid>{93b89758-e404-4030-99b6-1b9efd7449d0}</savedqueryid>
    <layoutxml>
      <grid name="p365i_quoteproducts" jump="p365i_product" select="1" icon="1" preview="0">
        <row name="p365i_quoteproduct" id="p365i_quoteproductid">
          <cell name="p365i_product" width="300" />
          <cell name="createdon" width="125" />
        </row>
      </grid>
    </layoutxml>
    <querytype>64</querytype>
    <fetchxml>
      <fetch version="1.0" mapping="logical">
        <entity name="p365i_quoteproduct">
          <attribute name="p365i_quoteproductid" />
          <attribute name="p365i_product" />
          <attribute name="createdon" />
          <filter type="and">
            <condition attribute="statecode" operator="eq" value="0" />
          </filter>
        </entity>
      </fetch>
    </fetchxml>
    <IntroducedVersion>1.0</IntroducedVersion>
    <LocalizedNames>
      <LocalizedName description="Quote Product Lookup View" languagecode="1033" />
    </LocalizedNames>
  </savedquery>
</savedqueries>