﻿<?xml version="1.0" encoding="utf-8"?>
<savedqueries xmlns:xsi="http://www.w3.org/2001/XMLSchema-instance">
  <savedquery>
    <IsCustomizable>1</IsCustomizable>
    <CanBeDeleted>0</CanBeDeleted>
    <isquickfindquery>0</isquickfindquery>
    <isprivate>0</isprivate>
    <isdefault>1</isdefault>
    <savedqueryid>{b7b3aec3-3c7f-4faf-a744-731f74e0b78d}</savedqueryid>
    <layoutxml>
      <grid name="resultset" jump="p365i_product" select="1" icon="1" preview="1">
        <row name="result" id="p365i_quoteproductid">
          <cell name="p365i_product" width="300" />
          <cell name="createdon" width="125" />
        </row>
      </grid>
    </layoutxml>
    <querytype>1</querytype>
    <fetchxml>
      <fetch version="1.0" mapping="logical">
        <entity name="p365i_quoteproduct">
          <attribute name="p365i_quoteproductid" />
          <attribute name="p365i_product" />
          <attribute name="createdon" />
          <order attribute="p365i_product" descending="false" />
        </entity>
      </fetch>
    </fetchxml>
    <IntroducedVersion>1.0</IntroducedVersion>
    <LocalizedNames>
      <LocalizedName description="Quote Product Advanced Find View" languagecode="1033" />
    </LocalizedNames>
  </savedquery>
</savedqueries>