<customapiresponseproperty uniquename="CloseOpportunity_resultMessage">
  <description default="CloseOpportunity_resultMessage">
    <label description="CloseOpportunity_resultMessage" languagecode="1033" />
  </description>
  <displayname default="CloseOpportunity_resultMessage">
    <label description="CloseOpportunity_resultMessage" languagecode="1033" />
  </displayname>
  <iscustomizable>1</iscustomizable>
  <name>CloseOpportunity_resultMessage</name>
  <type>10</type>
</customapiresponseproperty>