﻿<?xml version="1.0" encoding="utf-8"?>
<savedqueries xmlns:xsi="http://www.w3.org/2001/XMLSchema-instance">
  <savedquery>
    <IsCustomizable>1</IsCustomizable>
    <CanBeDeleted>0</CanBeDeleted>
    <isquickfindquery>0</isquickfindquery>
    <isprivate>0</isprivate>
    <isdefault>1</isdefault>
    <savedqueryid>{6adb399e-5bad-4be6-a29c-b7bd17ff0477}</savedqueryid>
    <layoutxml>
      <grid name="resultset" jump="p365i_topic" select="1" icon="1" preview="1">
        <row name="result" id="p365i_prospectid">
          <cell name="p365i_topic" width="300" />
          <cell name="p365i_firstname" width="158" />
          <cell name="p365i_lastname" width="187" />
          <cell name="p365i_jobtitle" width="210" />
          <cell name="p365i_company" width="234" />
          <cell name="p365i_prospectsource" width="226" />
          <cell name="statuscode" width="119" />
        </row>
      </grid>
    </layoutxml>
    <querytype>0</querytype>
    <fetchxml>
      <fetch version="1.0" mapping="logical">
        <entity name="p365i_prospect">
          <attribute name="p365i_prospectid" />
          <attribute name="p365i_topic" />
          <order attribute="p365i_topic" descending="false" />
          <filter type="and">
            <condition attribute="statecode" operator="eq" value="0" />
          </filter>
          <attribute name="p365i_firstname" />
          <attribute name="p365i_lastname" />
          <attribute name="p365i_jobtitle" />
          <attribute name="p365i_company" />
          <attribute name="p365i_prospectsource" />
          <attribute name="statuscode" />
        </entity>
      </fetch>
    </fetchxml>
    <IntroducedVersion>1.0</IntroducedVersion>
    <LocalizedNames>
      <LocalizedName description="Active Prospects" languagecode="1033" />
    </LocalizedNames>
  </savedquery>
</savedqueries>