﻿<?xml version="1.0" encoding="utf-8"?>
<savedqueries xmlns:xsi="http://www.w3.org/2001/XMLSchema-instance">
  <savedquery>
    <IsCustomizable>1</IsCustomizable>
    <CanBeDeleted>0</CanBeDeleted>
    <isquickfindquery>0</isquickfindquery>
    <isprivate>0</isprivate>
    <isdefault>1</isdefault>
    <savedqueryid>{e6c7efa7-4093-40b2-b6c9-441901320367}</savedqueryid>
    <layoutxml>
      <grid name="p365i_prospects" jump="p365i_topic" select="1" icon="1" preview="1">
        <row name="p365i_prospect" id="p365i_prospectid">
          <cell name="p365i_topic" width="300" />
          <cell name="createdon" width="125" />
        </row>
      </grid>
    </layoutxml>
    <querytype>2</querytype>
    <fetchxml>
      <fetch version="1.0" mapping="logical">
        <entity name="p365i_prospect">
          <attribute name="p365i_prospectid" />
          <attribute name="p365i_topic" />
          <attribute name="createdon" />
          <order attribute="p365i_topic" descending="false" />
          <filter type="and">
            <condition attribute="statecode" operator="eq" value="0" />
          </filter>
        </entity>
      </fetch>
    </fetchxml>
    <IntroducedVersion>1.0</IntroducedVersion>
    <LocalizedNames>
      <LocalizedName description="Prospect Associated View" languagecode="1033" />
    </LocalizedNames>
  </savedquery>
</savedqueries>